"","ID","sex","type","class.cor","year","birthyear.int","Scale.smoltage","scale.seaage","InterpAge","Respawner","respawner.info","firstcohort","seaageatmaturity","cohort","cohort.year.all","0+","1+","2-3+","Adult","n.offspring","cohort.total","respawner.gen","min.cohort","cohort.rank","mature","AKAP11_4_fix","c25_1441_SAC","cohort.max","cohort.max.year"
"1","Uts_11A_01","sire","Adult","Adult",2011,2006,4,1,1,0,NA,2012,1,1,2012,1,1,0,0,2,1,"semelparous",1,1,"Adult",1,2,1,2012
"2","Uts_11A_02","sire","Adult","Adult",2011,2006,4,1,1,0,NA,2012,1,1,2012,5,1,0,0,6,1,"semelparous",1,1,"Adult",2,3,1,2012
"3","Uts_11A_05","sire","Adult","Adult",2011,2007,3,1,1,0,NA,2012,1,1,2012,0,1,0,0,1,1,"semelparous",1,1,"Adult",1,2,1,2012
"4","Uts_11A_06","sire","Adult","Adult",2011,2005,4,2,2,0,NA,2012,2,1,2012,8,11,5,1,25,1,"semelparous",1,1,"Adult",2,2,1,2012
"5","Uts_11A_07","sire","Adult","Adult",2011,2004,4,3,3,0,NA,2012,3,1,2012,6,15,4,2,27,1,"semelparous",1,1,"Adult",2,3,1,2012
"6","Uts_11A_08","sire","Adult","Adult",2011,2006,4,1,1,0,NA,2012,1,1,2012,1,2,0,1,4,1,"semelparous",1,1,"Adult",1,1,1,2012
"7","Uts_11A_09","sire","Adult","Adult",2011,2006,4,1,1,0,NA,2012,1,1,2012,8,7,0,0,15,1,"semelparous",1,1,"Adult",1,2,1,2012
"8","Uts_11A_11","sire","Adult","Adult",2011,2007,3,1,1,0,NA,2012,1,1,2012,0,2,0,1,3,1,"semelparous",1,1,"Adult",1,2,1,2012
"9","Uts_11A_12","sire","Adult","Adult",2011,2006,4,1,1,0,NA,2012,1,1,2012,15,11,1,1,28,1,"semelparous",1,1,"Adult",1,2,1,2012
"10","Uts_11A_14","sire","Adult","Adult",2011,2006,3,2,2,0,NA,2012,2,1,2012,1,0,0,0,1,1,"semelparous",1,1,"Adult",2,2,1,2012
"11","Uts_11A_15","sire","Adult","Adult",2011,2006,4,1,1,0,NA,2012,1,1,2012,9,4,1,1,15,1,"semelparous",1,1,"Adult",1,1,1,2012
"12","Uts_11A_16","sire","Adult","Adult",2011,2006,3,2,2,0,NA,2012,2,1,2012,3,5,1,0,9,1,"semelparous",1,1,"Adult",2,2,1,2012
"13","Uts_11A_17","sire","Adult","Adult",2011,2005,3,3,3,1,"1S1",2010,1,1,2010,0,0,0,1,1,3,"iteroparous",1,1,"Adult",1,3,3,2019
"14","Uts_11A_17","sire","Adult","Adult",2011,2005,3,3,3,1,"1S1",2010,1,2,2012,13,13,5,1,32,3,"iteroparous",1,2,"Adult",1,3,3,2019
"15","Uts_11A_17","sire","Adult","Adult",2011,2005,3,3,3,1,"1S1",2010,1,5,2019,1,0,0,0,1,3,"iteroparous",1,3,"Adult",1,3,3,2019
"16","Uts_11A_18","sire","Adult","Adult",2011,2006,4,1,1,0,NA,2012,1,1,2012,11,6,0,0,17,1,"semelparous",1,1,"Adult",1,1,1,2012
"17","Uts_11A_19","sire","Adult","Adult",2011,2006,4,1,1,0,NA,2012,1,1,2012,1,5,0,1,7,1,"semelparous",1,1,"Adult",2,2,1,2012
"18","Uts_11A_20","sire","Adult","Adult",2011,2007,3,1,1,0,NA,2012,1,1,2012,3,7,0,0,10,1,"semelparous",1,1,"Adult",2,2,1,2012
"19","Uts_11A_23","sire","Adult","Adult",2011,2007,3,1,1,0,NA,2013,1,1,2013,1,0,0,0,1,1,"semelparous",1,1,"Adult",1,2,1,2013
"20","Uts_11A_24","sire","Adult","Adult",2011,2006,4,1,1,0,NA,2012,1,1,2012,0,1,0,0,1,1,"semelparous",1,1,"Adult",1,2,1,2012
"21","Uts_11A_25","sire","Adult","Adult",2011,2006,4,1,1,0,NA,2012,1,1,2012,1,0,0,1,2,1,"semelparous",1,1,"Adult",1,2,1,2012
"22","Uts_11A_26","sire","Adult","Adult",2011,2006,4,1,1,0,NA,2012,1,1,2012,16,14,3,0,33,1,"semelparous",1,1,"Adult",1,2,1,2012
"23","Uts_11A_34","sire","Adult","Adult",2011,2006,4,1,1,0,NA,2012,1,1,2012,1,0,0,1,2,2,"iteroparous",1,1,"Adult",1,1,2,2014
"24","Uts_11A_34","sire","Adult","Adult",2011,2006,4,1,1,0,NA,2012,1,2,2014,66,18,1,1,86,2,"iteroparous",1,2,"Adult",1,1,2,2014
"25","Uts_11A_36","sire","Adult","Adult",2011,2004,4,3,3,0,NA,2012,3,1,2012,37,29,2,3,71,2,"iteroparous",1,1,"Adult",2,2,2,2019
"26","Uts_11A_36","sire","Adult","Adult",2011,2004,4,3,3,0,NA,2012,3,4,2019,2,0,0,0,2,2,"iteroparous",1,2,"Adult",2,2,2,2019
"27","Uts_11A_38","sire","Adult","Adult",2011,2006,4,1,1,0,NA,2014,1,1,2014,7,0,0,0,7,1,"semelparous",1,1,"Adult",2,2,1,2014
"28","Uts_11A_40","sire","Adult","Adult",2011,2003,4,4,4,0,NA,2007,4,1,2007,0,0,0,1,1,2,"iteroparous",1,1,"MMP",2,3,2,2012
"29","Uts_11A_40","sire","Adult","Adult",2011,2003,4,4,4,0,NA,2007,4,3,2012,32,25,3,0,60,2,"iteroparous",1,2,"Adult",2,3,2,2012
"30","Uts_11A_42","sire","Adult","Adult",2011,2006,4,1,1,0,NA,2014,1,1,2014,25,6,1,0,32,1,"semelparous",1,1,"Adult",2,2,1,2014
"31","Uts_11A_44","sire","Adult","Adult",2011,2006,4,1,1,0,NA,2012,1,1,2012,0,2,0,0,2,1,"semelparous",1,1,"Adult",2,3,1,2012
"32","Uts_11A_48","sire","Adult","Adult",2011,2005,5,1,1,0,NA,2012,1,1,2012,1,0,0,0,1,1,"semelparous",1,1,"Adult",1,1,1,2012
"33","Uts_11A_49","sire","Adult","Adult",2011,2006,4,1,1,0,NA,2012,1,1,2012,1,1,0,1,3,1,"semelparous",1,1,"Adult",1,1,1,2012
"34","Uts_11A_51","sire","Adult","Adult",2011,2007,3,1,1,0,NA,2012,1,1,2012,3,2,0,2,7,1,"semelparous",1,1,"Adult",2,2,1,2012
"35","Uts_11A_54","sire","Adult","Adult",2011,2007,3,1,1,0,NA,2012,1,1,2012,1,3,1,0,5,1,"semelparous",1,1,"Adult",2,2,1,2012
"36","Uts_12A_005","sire","Adult","Adult",2012,2004,4,4,4,0,NA,2013,4,1,2013,25,5,1,0,31,1,"semelparous",1,1,"Adult",2,2,1,2013
"37","Uts_12A_006","sire","Adult","Adult",2012,2007,4,1,1,0,NA,2013,1,1,2013,7,0,0,0,7,1,"semelparous",1,1,"Adult",1,1,1,2013
"38","Uts_12A_007","sire","Adult","Adult",2012,2005,4,3,3,0,NA,2013,3,1,2013,10,1,0,1,12,1,"semelparous",1,1,"Adult",2,3,1,2013
"39","Uts_12A_008","sire","Adult","Adult",2012,2008,3,1,1,0,NA,2013,1,1,2013,3,0,0,0,3,1,"semelparous",1,1,"Adult",2,2,1,2013
"40","Uts_12A_009","sire","Adult","Adult",2012,2007,4,1,1,0,NA,2013,1,1,2013,14,1,2,0,17,1,"semelparous",1,1,"Adult",1,2,1,2013
"41","Uts_12A_010","sire","Adult","Adult",2012,2007,4,1,1,0,NA,2013,1,1,2013,3,2,0,0,5,1,"semelparous",1,1,"Adult",2,2,1,2013
"42","Uts_12A_011","sire","Adult","Adult",2012,2006,5,1,1,0,NA,2013,1,1,2013,8,1,0,0,9,1,"semelparous",1,1,"Adult",2,2,1,2013
"43","Uts_12A_014","sire","Adult","Adult",2012,2007,4,1,1,0,NA,2013,1,1,2013,2,0,0,0,2,1,"semelparous",1,1,"Adult",2,2,1,2013
"44","Uts_12A_015","sire","Adult","Adult",2012,2007,4,1,1,0,NA,2013,1,1,2013,0,4,0,2,6,1,"semelparous",1,1,"Adult",1,3,1,2013
"45","Uts_12A_016","sire","Adult","Adult",2012,2007,4,1,1,0,NA,2013,1,1,2013,17,1,0,1,19,1,"semelparous",1,1,"Adult",1,1,1,2013
"46","Uts_12A_017","sire","Adult","Adult",2012,2006,3,3,3,0,NA,2013,3,1,2013,15,4,1,2,22,1,"semelparous",1,1,"Adult",2,3,1,2013
"47","Uts_12A_022","sire","Adult","Adult",2012,2006,5,1,1,0,NA,2013,1,1,2013,17,5,0,0,22,1,"semelparous",1,1,"Adult",1,2,1,2013
"48","Uts_12A_023","sire","Adult","Adult",2012,2008,3,1,1,0,NA,2013,1,1,2013,2,0,0,0,2,1,"semelparous",1,1,"Adult",1,3,1,2013
"49","Uts_12A_028","sire","Adult","Adult",2012,2007,4,1,1,0,NA,2013,1,1,2013,0,1,0,0,1,1,"semelparous",1,1,"Adult",2,2,1,2013
"50","Uts_12A_033","sire","Adult","Adult",2012,2005,4,NA,3,0,NA,2013,3,1,2013,0,0,0,1,1,1,"semelparous",1,1,"Adult",2,2,1,2013
"51","Uts_12A_034","sire","Adult","Adult",2012,2007,3,2,2,0,NA,2013,2,1,2013,29,3,2,0,34,1,"semelparous",1,1,"Adult",1,3,1,2013
"52","Uts_12A_035","sire","Adult","Adult",2012,2007,4,1,1,0,NA,2013,1,1,2013,1,0,0,0,1,1,"semelparous",1,1,"Adult",1,2,1,2013
"53","Uts_12A_036","sire","Adult","Adult",2012,2006,3,3,3,1,"1S1",2013,1,1,2013,35,5,2,1,43,1,"semelparous",1,1,"Adult",1,2,1,2013
"54","Uts_12_0y_100","sire","Offspring","0+",2012,2012,4,NA,NA,0,NA,2019,3,1,2019,1,0,0,0,1,1,"semelparous",1,1,"Adult",2,2,1,2019
"55","Uts_12_0y_242","sire","Offspring","0+",2012,2012,4,NA,NA,0,NA,2019,3,1,2019,1,0,0,0,1,1,"semelparous",1,1,"Adult",1,3,1,2019
"56","Uts_12_0y_276","sire","Offspring","0+",2012,2012,4,NA,NA,0,NA,2019,3,1,2019,1,0,0,0,1,1,"semelparous",1,1,"Adult",2,2,1,2019
"57","Uts_12_0y_357","sire","Offspring","0+",2012,2012,4,NA,NA,0,NA,2016,0,1,2016,1,1,0,0,2,1,"semelparous",1,1,"Adult",1,1,1,2016
"58","Uts_12_0y_359","sire","Offspring","0+",2012,2012,4,NA,NA,0,NA,2019,3,1,2019,1,0,0,0,1,1,"semelparous",1,1,"Adult",2,3,1,2019
"59","Uts_12_0y_382","sire","Offspring","0+",2012,2012,4,NA,NA,0,NA,2016,0,1,2016,1,0,0,0,1,1,"semelparous",1,1,"Adult",1,2,1,2016
"60","Uts_12_0y_399","sire","Offspring","0+",2012,2012,4,NA,NA,0,NA,2019,3,1,2019,1,0,0,0,1,1,"semelparous",1,1,"Adult",1,2,1,2019
"61","Uts_12_0y_757","sire","Offspring","0+",2012,2012,4,NA,NA,0,NA,2019,3,1,2019,1,0,0,0,1,1,"semelparous",1,1,"Adult",2,3,1,2019
"62","Uts_12_0y_788","sire","Offspring","0+",2012,2012,4,NA,NA,0,NA,2018,2,1,2018,1,0,0,0,1,1,"semelparous",1,1,"Adult",2,3,1,2018
"63","Uts_13A_002","sire","Adult","Adult",2013,2008,4,1,1,0,NA,2014,1,1,2014,1,0,0,0,1,1,"semelparous",1,1,"Adult",2,2,1,2014
"64","Uts_13A_006","sire","Adult","Adult",2013,2008,4,1,1,0,NA,2014,1,1,2014,6,1,0,0,7,2,"iteroparous",1,1,"Adult",2,2,2,2017
"65","Uts_13A_006","sire","Adult","Adult",2013,2008,4,1,1,0,NA,2014,1,2,2017,1,1,0,0,2,2,"iteroparous",1,2,"Adult",2,2,2,2017
"66","Uts_13A_007","sire","Adult","Adult",2013,2008,4,1,1,0,NA,2014,1,1,2014,2,0,1,0,3,1,"semelparous",1,1,"Adult",2,2,1,2014
"67","Uts_13A_014","sire","Adult","Adult",2013,2007,5,1,1,0,NA,2012,1,1,2012,0,1,0,0,1,2,"iteroparous",1,1,"MMP",2,2,2,2014
"68","Uts_13A_014","sire","Adult","Adult",2013,2007,5,1,1,0,NA,2012,1,2,2014,1,3,0,0,4,2,"iteroparous",1,2,"Adult",2,2,2,2014
"69","Uts_13A_016","sire","Adult","Adult",2013,2008,4,1,1,0,NA,2014,1,1,2014,4,2,0,3,9,1,"semelparous",1,1,"Adult",2,2,1,2014
"70","Uts_13A_019","sire","Adult","Adult",2013,2008,4,1,1,0,NA,2014,1,1,2014,4,0,1,0,5,1,"semelparous",1,1,"Adult",1,1,1,2014
"71","Uts_13A_020","sire","Adult","Adult",2013,2008,4,1,1,0,NA,2014,1,1,2014,1,0,0,0,1,1,"semelparous",1,1,"Adult",1,2,1,2014
"72","Uts_13A_023","sire","Adult","Adult",2013,2006,4,3,3,0,NA,2014,3,1,2014,28,2,2,2,34,1,"semelparous",1,1,"Adult",3,3,1,2014
"73","Uts_13A_024","sire","Adult","Adult",2013,2006,4,3,3,1,"1S1",2012,1,1,2012,15,20,1,2,38,2,"iteroparous",1,1,"Adult",2,3,2,2014
"74","Uts_13A_024","sire","Adult","Adult",2013,2006,4,3,3,1,"1S1",2012,1,2,2014,96,28,0,0,124,2,"iteroparous",1,2,"Adult",2,3,2,2014
"75","Uts_13A_026","sire","Adult","Adult",2013,2009,3,1,1,0,NA,2014,1,1,2014,8,4,0,0,12,1,"semelparous",1,1,"Adult",2,2,1,2014
"76","Uts_13A_028","sire","Adult","Adult",2013,2007,4,2,2,0,NA,2014,2,1,2014,12,8,0,0,20,1,"semelparous",1,1,"Adult",1,3,1,2014
"77","Uts_13A_029","sire","Adult","Adult",2013,2006,4,3,3,1,"1S1",2012,1,1,2012,1,1,1,2,5,2,"iteroparous",1,1,"Adult",1,2,2,2014
"78","Uts_13A_029","sire","Adult","Adult",2013,2006,4,3,3,1,"1S1",2012,1,2,2014,19,8,0,1,28,2,"iteroparous",1,2,"Adult",1,2,2,2014
"79","Uts_13A_030","sire","Adult","Adult",2013,2008,4,1,1,0,NA,2014,1,1,2014,1,0,0,0,1,1,"semelparous",1,1,"Adult",1,2,1,2014
"80","Uts_13A_031","sire","Adult","Adult",2013,2008,4,1,1,0,NA,2014,1,1,2014,4,1,0,0,5,1,"semelparous",1,1,"Adult",1,2,1,2014
"81","Uts_13A_036","sire","Adult","Adult",2013,2008,4,1,1,0,NA,2014,1,1,2014,4,2,2,1,9,1,"semelparous",1,1,"Adult",1,2,1,2014
"82","Uts_13A_038","sire","Adult","Adult",2013,2007,3,3,3,1,"1S1",2014,1,1,2014,1,1,0,0,2,1,"semelparous",1,1,"Adult",2,2,1,2014
"83","Uts_13A_043","sire","Adult","Adult",2013,2006,4,3,3,1,"1S1",2012,1,1,2012,7,5,1,6,19,2,"iteroparous",1,1,"Adult",2,2,2,2014
"84","Uts_13A_043","sire","Adult","Adult",2013,2006,4,3,3,1,"1S1",2012,1,2,2014,105,43,4,1,153,2,"iteroparous",1,2,"Adult",2,2,2,2014
"85","Uts_13A_050","sire","Adult","Adult",2013,2008,4,1,1,0,NA,2014,1,1,2014,40,3,2,1,46,1,"semelparous",1,1,"Adult",2,2,1,2014
"86","Uts_13A_051","sire","Adult","Adult",2013,2008,4,1,1,0,NA,2014,1,1,2014,3,3,1,0,7,1,"semelparous",1,1,"Adult",2,2,1,2014
"87","Uts_13A_053","sire","Adult","Adult",2013,2006,4,3,3,0,NA,2014,3,1,2013,0,0,0,1,1,1,"semelparous",1,1,"Adult",2,3,1,2013
"88","Uts_13A_055","sire","Adult","Adult",2013,2008,4,1,1,0,NA,2014,1,1,2014,25,2,0,0,27,1,"semelparous",1,1,"Adult",2,2,1,2014
"89","Uts_13A_056","sire","Adult","Adult",2013,2008,4,1,1,0,NA,2014,1,1,2014,17,1,0,1,19,2,"iteroparous",1,1,"Adult",2,2,2,2017
"90","Uts_13A_056","sire","Adult","Adult",2013,2008,4,1,1,0,NA,2014,1,2,2017,19,13,5,0,37,2,"iteroparous",1,2,"Adult",2,2,2,2017
"91","Uts_13A_057","sire","Adult","Adult",2013,2008,4,1,1,0,NA,2014,1,1,2014,5,1,0,0,6,1,"semelparous",1,1,"Adult",2,1,1,2014
"92","Uts_13A_063","sire","Adult","Adult",2013,2008,4,1,1,0,NA,2014,1,1,2014,15,2,0,0,17,1,"semelparous",1,1,"Adult",2,2,1,2014
"93","Uts_13_0y_0243","sire","Offspring","0+",2013,2013,4,NA,NA,0,NA,2019,2,1,2019,1,0,0,0,1,1,"semelparous",1,1,"Adult",1,2,1,2019
"94","Uts_13_0y_0245","sire","Offspring","0+",2013,2013,4,NA,NA,0,NA,2019,2,1,2019,1,0,0,0,1,1,"semelparous",1,1,"Adult",2,2,1,2019
"95","Uts_13_0y_0259","sire","Offspring","0+",2013,2013,4,NA,NA,0,NA,2019,2,1,2019,1,0,0,0,1,1,"semelparous",1,1,"Adult",1,2,1,2019
"96","Uts_13_0y_0300","sire","Offspring","0+",2013,2013,4,NA,NA,0,NA,2017,0,1,2017,1,0,0,0,1,2,"iteroparous",1,1,"Adult",1,3,2,2019
"97","Uts_13_0y_0300","sire","Offspring","0+",2013,2013,4,NA,NA,0,NA,2017,0,2,2019,1,0,0,0,1,2,"iteroparous",1,2,"Adult",1,3,2,2019
"98","Uts_13_0y_0363","sire","Offspring","0+",2013,2013,4,NA,NA,0,NA,2017,0,1,2017,0,0,1,0,1,1,"semelparous",1,1,"Adult",1,2,1,2017
"99","Uts_13_0y_0850","sire","Offspring","0+",2013,2013,4,NA,NA,0,NA,2017,0,1,2017,1,0,0,0,1,1,"semelparous",1,1,"Adult",2,2,1,2017
"100","Uts_13_0y_0922","sire","Offspring","0+",2013,2013,4,NA,NA,0,NA,2019,2,1,2019,1,0,0,0,1,1,"semelparous",1,1,"Adult",1,3,1,2019
"101","Uts_13_1y_0086","sire","Offspring","1+",2013,2012,4,NA,NA,0,NA,2019,3,1,2019,1,0,0,0,1,1,"semelparous",1,1,"Adult",1,1,1,2019
"102","Uts_13_1y_0102","sire","Offspring","1+",2013,2012,4,NA,NA,0,NA,2017,1,1,2017,1,0,0,0,1,1,"semelparous",1,1,"Adult",2,1,1,2017
"103","Uts_13_1y_0242","sire","Offspring","1+",2013,2012,4,NA,NA,0,NA,2017,1,1,2017,1,0,0,0,1,2,"iteroparous",1,1,"Adult",2,3,2,2019
"104","Uts_13_1y_0242","sire","Offspring","1+",2013,2012,4,NA,NA,0,NA,2017,1,2,2019,1,0,0,0,1,2,"iteroparous",1,2,"Adult",2,3,2,2019
"105","Uts_13_1y_0622","sire","Offspring","1+",2013,2012,4,NA,NA,0,NA,2018,2,1,2018,1,0,0,0,1,1,"semelparous",1,1,"Adult",2,2,1,2018
"106","Uts_14A_002","sire","Adult","Adult",2014,2009,3,2,2,0,NA,2015,2,1,2015,2,1,0,0,3,1,"semelparous",1,1,"Adult",2,3,1,2015
"107","Uts_14A_005","sire","Adult","Adult",2014,2009,4,1,1,0,NA,2015,1,1,2015,1,0,0,0,1,1,"semelparous",1,1,"Adult",1,1,1,2015
"108","Uts_14A_019","sire","Adult","Adult",2014,2010,3,1,1,0,NA,2015,1,1,2015,6,4,1,0,11,1,"semelparous",1,1,"Adult",1,2,1,2015
"109","Uts_14A_022","sire","Adult","Adult",2014,2009,3,2,2,0,NA,2015,2,1,2015,2,0,0,0,2,1,"semelparous",1,1,"Adult",2,3,1,2015
"110","Uts_14A_025","sire","Adult","Adult",2014,2010,3,1,1,0,NA,2015,1,1,2015,25,8,1,0,34,1,"semelparous",1,1,"Adult",1,2,1,2015
"111","Uts_14A_027","sire","Adult","Adult",2014,2008,3,3,3,0,NA,2015,3,1,2015,17,1,1,0,19,1,"semelparous",1,1,"Adult",1,1,1,2015
"112","Uts_14A_030","sire","Adult","Adult",2014,2010,3,1,1,0,NA,2015,1,1,2015,1,1,1,0,3,2,"iteroparous",1,1,"Adult",3,2,2,2017
"113","Uts_14A_030","sire","Adult","Adult",2014,2010,3,1,1,0,NA,2015,1,2,2017,11,7,2,0,20,2,"iteroparous",1,2,"Adult",3,2,2,2017
"114","Uts_14A_031","sire","Adult","Adult",2014,2010,3,1,1,0,NA,2015,1,1,2015,1,1,1,0,3,1,"semelparous",1,1,"Adult",1,2,1,2015
"115","Uts_14A_033","sire","Adult","Adult",2014,2009,3,2,2,0,NA,2015,2,1,2015,10,2,0,0,12,1,"semelparous",1,1,"Adult",1,2,1,2015
"116","Uts_14A_040","sire","Adult","Adult",2014,2009,4,1,1,0,NA,2015,1,1,2015,6,0,0,0,6,1,"semelparous",1,1,"Adult",2,1,1,2015
"117","Uts_14A_041","sire","Adult","Adult",2014,2009,4,1,1,0,NA,2015,1,1,2015,4,1,1,0,6,1,"semelparous",1,1,"Adult",2,2,1,2015
"118","Uts_14A_044","sire","Adult","Adult",2014,2010,3,1,1,0,NA,2015,1,1,2015,3,1,0,0,4,1,"semelparous",1,1,"Adult",2,3,1,2015
"119","Uts_14A_046","sire","Adult","Adult",2014,2007,4,3,3,0,NA,2015,3,1,2015,2,1,0,0,3,1,"semelparous",1,1,"Adult",2,3,1,2015
"120","Uts_14A_053","sire","Adult","Adult",2014,2008,4,2,2,0,NA,2015,2,1,2015,13,3,0,0,16,1,"semelparous",1,1,"Adult",1,1,1,2015
"121","Uts_14A_054","sire","Adult","Adult",2014,2010,3,1,1,0,NA,2015,1,1,2015,6,0,0,0,6,1,"semelparous",1,1,"Adult",2,2,1,2015
"122","Uts_14A_055","sire","Adult","Adult",2014,2010,3,1,1,0,NA,2015,1,1,2015,14,0,0,0,14,1,"semelparous",1,1,"Adult",1,2,1,2015
"123","Uts_14A_058","sire","Adult","Adult",2014,2009,4,1,1,0,NA,2017,1,1,2017,10,2,2,0,14,1,"semelparous",1,1,"Adult",1,1,1,2017
"124","Uts_14A_060","sire","Adult","Adult",2014,2010,3,1,1,0,NA,2015,1,1,2015,8,1,0,0,9,1,"semelparous",1,1,"Adult",1,1,1,2015
"125","Uts_14A_061","sire","Adult","Adult",2014,2010,3,1,1,0,NA,2015,1,1,2015,0,0,1,0,1,1,"semelparous",1,1,"Adult",1,1,1,2015
"126","Uts_14A_064","sire","Adult","Adult",2014,2009,4,1,1,0,NA,2015,1,1,2015,2,0,0,0,2,1,"semelparous",1,1,"Adult",2,2,1,2015
"127","Uts_14A_065","sire","Adult","Adult",2014,2009,4,1,1,0,NA,2015,1,1,2015,4,4,0,0,8,1,"semelparous",1,1,"Adult",1,2,1,2015
"128","Uts_14A_067","sire","Adult","Adult",2014,2008,4,2,2,0,NA,2015,2,1,2015,4,2,0,0,6,1,"semelparous",1,1,"Adult",2,3,1,2015
"129","Uts_14A_068","sire","Adult","Adult",2014,2008,3,3,3,0,NA,2015,3,1,2015,42,10,1,0,53,1,"semelparous",1,1,"Adult",1,3,1,2015
"130","Uts_14A_072","sire","Adult","Adult",2014,2008,4,2,2,0,NA,2015,2,1,2015,0,1,0,0,1,1,"semelparous",1,1,"Adult",1,3,1,2015
"131","Uts_14A_073","sire","Adult","Adult",2014,2008,3,3,3,1,"1S1",2014,1,1,2015,1,1,0,1,3,1,"semelparous",1,1,"Adult",2,2,1,2015
"132","Uts_14A_074","sire","Adult","Adult",2014,2009,3,2,2,0,NA,2015,2,1,2015,6,0,0,0,6,1,"semelparous",1,1,"Adult",2,2,1,2015
"133","Uts_14A_083","sire","Adult","Adult",2014,2010,3,1,1,0,NA,2015,1,1,2015,23,4,1,0,28,2,"iteroparous",1,1,"Adult",2,2,2,2017
"134","Uts_14A_083","sire","Adult","Adult",2014,2010,3,1,1,0,NA,2015,1,2,2017,48,7,2,0,57,2,"iteroparous",1,2,"Adult",2,2,2,2017
"135","Uts_14A_085","sire","Adult","Adult",2014,2007,5,2,2,0,NA,2015,2,1,2015,21,1,1,0,23,1,"semelparous",1,1,"Adult",2,2,1,2015
"136","Uts_14A_088","sire","Adult","Adult",2014,2007,5,2,2,0,NA,2015,2,1,2015,25,4,1,0,30,1,"semelparous",1,1,"Adult",1,2,1,2015
"137","Uts_14A_089","sire","Adult","Adult",2014,2006,4,4,4,0,NA,2015,4,1,2015,22,6,3,0,31,1,"semelparous",1,1,"Adult",2,3,1,2015
"138","Uts_14A_091","sire","Adult","Adult",2014,2006,4,4,4,0,NA,2015,4,1,2015,114,18,10,0,142,1,"semelparous",1,1,"Adult",3,3,1,2015
"139","Uts_14A_092","sire","Adult","Adult",2014,2010,3,1,1,0,NA,2015,1,1,2015,4,3,0,0,7,1,"semelparous",1,1,"Adult",1,3,1,2015
"140","Uts_14A_096","sire","Adult","Adult",2014,2007,4,3,3,0,NA,2015,3,1,2015,26,1,1,0,28,2,"iteroparous",1,1,"Adult",2,1,2,2018
"141","Uts_14A_096","sire","Adult","Adult",2014,2007,4,3,3,0,NA,2015,3,2,2018,1,0,0,0,1,2,"iteroparous",1,2,"Adult",2,1,2,2018
"142","Uts_14A_097","sire","Adult","Adult",2014,2010,3,1,1,0,NA,2015,1,1,2015,6,2,0,0,8,1,"semelparous",1,1,"Adult",2,2,1,2015
"143","Uts_14A_099","sire","Adult","Adult",2014,2010,3,1,1,0,NA,2015,1,1,2015,9,1,1,0,11,1,"semelparous",1,1,"Adult",1,1,1,2015
"144","Uts_14A_103","sire","Adult","Adult",2014,2009,3,2,2,0,NA,2015,2,1,2015,22,3,1,0,26,1,"semelparous",1,1,"Adult",1,2,1,2015
"145","Uts_14A_106","sire","Adult","Adult",2014,2008,4,2,2,0,NA,2015,2,1,2015,10,1,0,0,11,1,"semelparous",1,1,"Adult",2,2,1,2015
"146","Uts_14A_110","sire","Adult","Adult",2014,2010,3,1,1,0,NA,2015,1,1,2015,1,0,0,0,1,1,"semelparous",1,1,"Adult",1,2,1,2015
"147","Uts_14_0y_0150","sire","Offspring","0+",2014,2014,4,NA,NA,0,NA,2019,1,1,2019,1,0,0,0,1,1,"semelparous",1,1,"Adult",2,2,1,2019
"148","Uts_14_0y_0241","sire","Offspring","0+",2014,2014,4,NA,NA,0,NA,2019,1,1,2019,1,0,0,0,1,1,"semelparous",1,1,"Adult",2,2,1,2019
"149","Uts_14_0y_0296","sire","Offspring","0+",2014,2014,4,NA,NA,0,NA,2018,0,1,2018,1,0,0,0,1,1,"semelparous",1,1,"Adult",1,2,1,2018
"150","Uts_14_0y_0936","sire","Offspring","0+",2014,2014,4,NA,NA,0,NA,2019,1,1,2019,1,0,0,0,1,1,"semelparous",1,1,"Adult",1,2,1,2019
"151","Uts_14_0y_0953","sire","Offspring","0+",2014,2014,4,NA,NA,0,NA,2019,1,1,2019,1,0,0,0,1,1,"semelparous",1,1,"Adult",1,2,1,2019
"152","Uts_14_0y_0959","sire","Offspring","0+",2014,2014,4,NA,NA,0,NA,2019,1,1,2019,1,0,0,0,1,1,"semelparous",1,1,"Adult",2,3,1,2019
"153","Uts_14_0y_1333","sire","Offspring","0+",2014,2014,4,NA,NA,0,NA,2018,0,1,2018,1,0,0,0,1,1,"semelparous",1,1,"Adult",1,1,1,2018
"154","Uts_14_0y_1464","sire","Offspring","0+",2014,2014,4,NA,NA,0,NA,2019,1,1,2019,1,0,0,0,1,1,"semelparous",1,1,"Adult",1,2,1,2019
"155","Uts_14_1y_0402","sire","Offspring","1+",2014,2013,4,NA,NA,0,NA,2017,0,1,2017,1,0,0,0,1,1,"semelparous",1,1,"Adult",1,2,1,2017
"156","Uts_14_2y_0091","sire","Offspring","2-3+",2014,2012,4,NA,NA,0,NA,2019,3,1,2019,1,0,0,0,1,1,"semelparous",1,1,"Adult",1,3,1,2019
"157","Uts_14_2y_0133","sire","Offspring","2-3+",2014,2012,4,NA,NA,0,NA,2017,1,1,2017,2,0,0,0,2,1,"semelparous",1,1,"Adult",1,1,1,2017
"158","Uts_15A_004","sire","Adult","Adult",2015,2011,3,1,1,0,NA,2016,1,1,2016,4,0,0,0,4,1,"semelparous",1,1,"Adult",1,1,1,2016
"159","Uts_15A_005","sire","Adult","Adult",2015,2010,3,2,2,0,NA,2016,2,1,2016,124,21,6,0,151,1,"semelparous",1,1,"Adult",1,2,1,2016
"160","Uts_15A_006","sire","Adult","Adult",2015,2011,3,1,1,0,NA,2016,1,1,2016,28,3,3,0,34,1,"semelparous",1,1,"Adult",3,2,1,2016
"161","Uts_15A_007","sire","Adult","Adult",2015,2010,4,1,1,0,NA,2016,1,1,2016,1,0,0,0,1,1,"semelparous",1,1,"Adult",2,2,1,2016
"162","Uts_15A_008","sire","Adult","Adult",2015,2009,3,3,3,1,"1S1",2016,1,1,2016,1,1,0,0,2,1,"semelparous",1,1,"Adult",1,2,1,2016
"163","Uts_15A_013","sire","Adult","Adult",2015,2010,4,1,1,0,NA,2016,1,1,2016,19,6,0,0,25,1,"semelparous",1,1,"Adult",1,2,1,2016
"164","Uts_15A_014","sire","Adult","Adult",2015,2011,3,1,1,0,NA,2016,1,1,2016,24,4,0,0,28,1,"semelparous",1,1,"Adult",1,2,1,2016
"165","Uts_15A_016","sire","Adult","Adult",2015,2010,4,1,1,0,NA,2016,1,1,2016,9,1,1,0,11,1,"semelparous",1,1,"Adult",1,1,1,2016
"166","Uts_15A_017","sire","Adult","Adult",2015,2010,4,1,1,0,NA,2016,1,1,2016,33,7,0,0,40,1,"semelparous",1,1,"Adult",1,1,1,2016
"167","Uts_15A_020","sire","Adult","Adult",2015,2009,3,3,3,0,NA,2016,3,1,2016,120,20,4,0,144,1,"semelparous",1,1,"Adult",1,2,1,2016
"168","Uts_15A_022","sire","Adult","Adult",2015,2011,3,1,1,0,NA,2016,1,1,2016,12,3,0,0,15,1,"semelparous",1,1,"Adult",1,2,1,2016
"169","Uts_15A_023","sire","Adult","Adult",2015,2011,3,1,1,0,NA,2016,1,1,2016,5,1,0,0,6,1,"semelparous",1,1,"Adult",1,3,1,2016
"170","Uts_15A_024","sire","Adult","Adult",2015,2011,3,1,1,0,NA,2016,1,1,2016,10,1,0,0,11,1,"semelparous",1,1,"Adult",2,2,1,2016
"171","Uts_15A_025","sire","Adult","Adult",2015,2009,5,1,1,0,NA,2016,1,1,2016,1,0,2,0,3,1,"semelparous",1,1,"Adult",2,2,1,2016
"172","Uts_15A_028","sire","Adult","Adult",2015,2010,3,2,2,0,NA,2016,2,1,2016,9,1,0,0,10,1,"semelparous",1,1,"Adult",2,2,1,2016
"173","Uts_15A_029","sire","Adult","Adult",2015,2009,4,2,2,0,NA,2016,2,1,2016,213,15,5,0,233,1,"semelparous",1,1,"Adult",1,3,1,2016
"174","Uts_15A_032","sire","Adult","Adult",2015,2010,4,1,1,0,NA,2016,1,1,2016,63,17,3,0,83,1,"semelparous",1,1,"Adult",2,2,1,2016
"175","Uts_15A_033","sire","Adult","Adult",2015,2011,3,1,1,0,NA,2016,1,1,2016,3,1,0,0,4,1,"semelparous",1,1,"Adult",1,3,1,2016
"176","Uts_15A_035","sire","Adult","Adult",2015,2010,4,1,1,0,NA,2016,1,1,2016,3,1,1,0,5,1,"semelparous",1,1,"Adult",1,2,1,2016
"177","Uts_15A_038","sire","Adult","Adult",2015,2009,5,1,1,0,NA,2016,1,1,2016,9,3,1,0,13,1,"semelparous",1,1,"Adult",2,2,1,2016
"178","Uts_15A_039","sire","Adult","Adult",2015,2011,3,1,1,0,NA,2016,1,1,2016,0,0,1,0,1,1,"semelparous",1,1,"Adult",2,2,1,2016
"179","Uts_15A_041","sire","Adult","Adult",2015,2009,3,3,3,0,NA,2016,3,1,2016,9,5,3,0,17,1,"semelparous",1,1,"Adult",1,3,1,2016
"180","Uts_15A_042","sire","Adult","Adult",2015,2011,3,1,1,0,NA,2016,1,1,2016,3,0,0,0,3,2,"iteroparous",1,1,"Adult",2,2,2,2018
"181","Uts_15A_042","sire","Adult","Adult",2015,2011,3,1,1,0,NA,2016,1,2,2018,16,2,0,0,18,2,"iteroparous",1,2,"Adult",2,2,2,2018
"182","Uts_15A_046","sire","Adult","Adult",2015,2010,4,1,1,0,NA,2016,1,1,2016,0,1,1,0,2,1,"semelparous",1,1,"Adult",1,2,1,2016
"183","Uts_15A_048","sire","Adult","Adult",2015,2011,3,1,1,0,NA,2016,1,1,2016,11,2,0,0,13,2,"iteroparous",1,1,"Adult",1,1,2,2018
"184","Uts_15A_048","sire","Adult","Adult",2015,2011,3,1,1,0,NA,2016,1,2,2018,4,2,0,0,6,2,"iteroparous",1,2,"Adult",1,1,2,2018
"185","Uts_15A_049","sire","Adult","Adult",2015,2011,3,1,1,0,NA,2016,1,1,2016,1,0,0,0,1,1,"semelparous",1,1,"Adult",1,2,1,2016
"186","Uts_15A_050","sire","Adult","Adult",2015,2011,3,1,1,0,NA,2016,1,1,2016,5,1,2,0,8,1,"semelparous",1,1,"Adult",2,2,1,2016
"187","Uts_15A_052","sire","Adult","Adult",2015,2011,3,1,1,0,NA,2016,1,1,2016,17,0,2,0,19,1,"semelparous",1,1,"Adult",2,2,1,2016
"188","Uts_15A_056","sire","Adult","Adult",2015,2011,3,1,1,0,NA,2016,1,1,2016,14,4,0,0,18,2,"iteroparous",1,1,"Adult",2,2,2,2018
"189","Uts_15A_056","sire","Adult","Adult",2015,2011,3,1,1,0,NA,2016,1,2,2018,33,4,0,0,37,2,"iteroparous",1,2,"Adult",2,2,2,2018
"190","Uts_15A_057","sire","Adult","Adult",2015,2011,3,1,1,0,NA,2016,1,1,2016,0,1,0,0,1,1,"semelparous",1,1,"Adult",2,2,1,2016
"191","Uts_15A_061","sire","Adult","Adult",2015,2011,3,1,1,0,NA,2016,1,1,2016,4,3,3,0,10,1,"semelparous",1,1,"Adult",1,2,1,2016
"192","Uts_15A_063","sire","Adult","Adult",2015,2011,3,1,1,0,NA,2017,1,1,2018,47,3,1,0,51,1,"semelparous",1,1,"Adult",2,2,1,2018
"193","Uts_15A_064","sire","Adult","Adult",2015,2010,4,1,1,0,NA,2016,1,1,2016,33,5,0,0,38,1,"semelparous",1,1,"Adult",1,2,1,2016
"194","Uts_15A_070","sire","Adult","Adult",2015,2009,3,3,3,0,NA,2016,3,1,2016,252,31,5,0,288,1,"semelparous",1,1,"Adult",3,3,1,2016
"195","Uts_15A_071","sire","Adult","Adult",2015,2009,4,2,2,0,NA,2016,2,1,2016,5,6,1,0,12,1,"semelparous",1,1,"Adult",1,2,1,2016
"196","Uts_15A_072","sire","Adult","Adult",2015,2011,3,1,1,0,NA,2016,1,1,2016,12,1,1,0,14,1,"semelparous",1,1,"Adult",1,2,1,2016
"197","Uts_15A_073","sire","Adult","Adult",2015,2011,3,1,1,0,NA,2016,1,1,2016,12,2,1,0,15,1,"semelparous",1,1,"Adult",1,2,1,2016
"198","Uts_15A_074","sire","Adult","Adult",2015,2010,4,1,1,0,NA,2016,1,1,2016,2,0,0,0,2,1,"semelparous",1,1,"Adult",1,2,1,2016
"199","Uts_15A_076","sire","Adult","Adult",2015,2010,3,2,2,0,NA,2016,2,1,2016,65,12,0,0,77,1,"semelparous",1,1,"Adult",2,2,1,2016
"200","Uts_15A_079","sire","Adult","Adult",2015,2011,3,1,1,0,NA,2016,1,1,2016,58,9,4,0,71,1,"semelparous",1,1,"Adult",1,2,1,2016
"201","Uts_15A_080","sire","Adult","Adult",2015,2009,5,1,1,0,NA,2016,1,1,2016,12,1,1,0,14,1,"semelparous",1,1,"Adult",1,2,1,2016
"202","Uts_15A_081","sire","Adult","Adult",2015,2010,4,1,1,0,NA,2016,1,1,2016,1,0,0,0,1,1,"semelparous",1,1,"Adult",2,2,1,2016
"203","Uts_15_0y_0036","sire","Offspring","0+",2015,2015,4,NA,NA,0,NA,2019,0,1,2019,1,0,0,0,1,1,"semelparous",1,1,"Adult",1,1,1,2019
"204","Uts_15_0y_1659","sire","Offspring","0+",2015,2015,4,NA,NA,0,NA,2019,0,1,2019,1,0,0,0,1,1,"semelparous",1,1,"Adult",1,2,1,2019
"205","Uts_15_1y_0345","sire","Offspring","1+",2015,2014,4,NA,NA,0,NA,2019,1,1,2019,1,0,0,0,1,1,"semelparous",1,1,"Adult",2,1,1,2019
"206","Uts_15_1y_0404","sire","Offspring","1+",2015,2014,4,NA,NA,0,NA,2018,0,1,2018,1,0,0,0,1,1,"semelparous",1,1,"Adult",1,1,1,2018
"207","Uts_15_2y_0109","sire","Offspring","2-3+",2015,2013,4,NA,NA,0,NA,2017,0,1,2017,1,0,0,0,1,2,"iteroparous",1,1,"Adult",1,3,2,2019
"208","Uts_15_2y_0109","sire","Offspring","2-3+",2015,2013,4,NA,NA,0,NA,2017,0,2,2019,2,0,0,0,2,2,"iteroparous",1,2,"Adult",1,3,2,2019
"209","Uts_16A_001","sire","Adult","Adult",2016,2012,3,1,1,0,NA,2017,1,1,2017,26,6,2,0,34,1,"semelparous",1,1,"Adult",1,1,1,2017
"210","Uts_16A_002","sire","Adult","Adult",2016,2012,3,1,1,0,NA,2017,1,1,2017,31,7,1,0,39,1,"semelparous",1,1,"Adult",1,2,1,2017
"211","Uts_16A_004","sire","Adult","Adult",2016,2010,3,3,3,0,NA,2017,3,1,2017,10,4,0,0,14,1,"semelparous",1,1,"Adult",1,3,1,2017
"212","Uts_16A_005","sire","Adult","Adult",2016,2012,3,1,1,0,NA,2017,1,1,2017,0,1,0,0,1,1,"semelparous",1,1,"Adult",2,3,1,2017
"213","Uts_16A_007","sire","Adult","Adult",2016,2010,3,NA,3,0,NA,2017,3,1,2017,68,23,3,0,94,1,"semelparous",1,1,"Adult",1,3,1,2017
"214","Uts_16A_008","sire","Adult","Adult",2016,2012,3,1,1,0,NA,2017,1,1,2017,10,5,0,0,15,1,"semelparous",1,1,"Adult",2,2,1,2017
"215","Uts_16A_009","sire","Adult","Adult",2016,2012,3,1,1,0,NA,2017,1,1,2017,4,2,0,0,6,1,"semelparous",1,1,"Adult",1,1,1,2017
"216","Uts_16A_010","sire","Adult","Adult",2016,2012,3,1,1,0,NA,2017,1,1,2017,1,1,1,0,3,1,"semelparous",1,1,"Adult",1,2,1,2017
"217","Uts_16A_014","sire","Adult","Adult",2016,2012,3,1,1,0,NA,2017,1,1,2017,12,2,0,0,14,1,"semelparous",1,1,"Adult",1,1,1,2017
"218","Uts_16A_015","sire","Adult","Adult",2016,2011,3,2,2,0,NA,2017,2,1,2017,45,12,5,0,62,1,"semelparous",1,1,"Adult",2,2,1,2017
"219","Uts_16A_016","sire","Adult","Adult",2016,2012,3,1,1,0,NA,2017,1,1,2017,6,4,2,0,12,1,"semelparous",1,1,"Adult",2,2,1,2017
"220","Uts_16A_017","sire","Adult","Adult",2016,2010,4,2,2,0,NA,2017,2,1,2017,4,4,1,0,9,1,"semelparous",1,1,"Adult",2,1,1,2017
"221","Uts_16A_019","sire","Adult","Adult",2016,2012,3,1,1,0,NA,2017,1,1,2017,9,2,0,0,11,1,"semelparous",1,1,"Adult",1,2,1,2017
"222","Uts_16A_020","sire","Adult","Adult",2016,2012,3,1,1,0,NA,2017,1,1,2017,6,2,0,0,8,1,"semelparous",1,1,"Adult",1,2,1,2017
"223","Uts_16A_021","sire","Adult","Adult",2016,2012,3,1,1,0,NA,2017,1,1,2017,0,1,0,0,1,1,"semelparous",1,1,"Adult",1,2,1,2017
"224","Uts_16A_022","sire","Adult","Adult",2016,2012,3,1,1,0,NA,2017,1,1,2017,33,1,3,0,37,1,"semelparous",1,1,"Adult",1,2,1,2017
"225","Uts_16A_024","sire","Adult","Adult",2016,2011,4,1,1,0,NA,2017,1,1,2017,1,1,0,0,2,1,"semelparous",1,1,"Adult",1,3,1,2017
"226","Uts_16A_026","sire","Adult","Adult",2016,2012,3,1,1,0,NA,2017,1,1,2017,0,1,0,0,1,1,"semelparous",1,1,"Adult",1,2,1,2017
"227","Uts_16A_028","sire","Adult","Adult",2016,2011,3,2,2,0,NA,2017,2,1,2017,1,3,1,0,5,1,"semelparous",1,1,"Adult",1,1,1,2017
"228","Uts_16A_029","sire","Adult","Adult",2016,2012,3,1,1,0,NA,2017,1,1,2017,3,3,0,0,6,1,"semelparous",1,1,"Adult",1,2,1,2017
"229","Uts_16A_031","sire","Adult","Adult",2016,2011,4,1,1,0,NA,2017,1,1,2017,2,0,0,0,2,1,"semelparous",1,1,"Adult",1,2,1,2017
"230","Uts_16A_038","sire","Adult","Adult",2016,2011,4,1,1,0,NA,2017,1,1,2017,0,2,0,0,2,1,"semelparous",1,1,"Adult",1,1,1,2017
"231","Uts_16A_039","sire","Adult","Adult",2016,2011,4,1,1,0,NA,2017,1,1,2017,26,9,1,0,36,1,"semelparous",1,1,"Adult",1,1,1,2017
"232","Uts_16A_041","sire","Adult","Adult",2016,2011,3,2,2,0,NA,2015,2,1,2015,2,0,0,0,2,2,"iteroparous",1,1,"Adult",1,3,2,2017
"233","Uts_16A_041","sire","Adult","Adult",2016,2011,3,2,2,0,NA,2015,2,2,2017,3,0,0,0,3,2,"iteroparous",1,2,"Adult",1,3,2,2017
"234","Uts_16A_047","sire","Adult","Adult",2016,2010,3,3,3,1,"1S1",2015,1,1,2015,13,0,1,0,14,1,"semelparous",1,1,"Adult",2,3,1,2015
"235","Uts_16A_052","sire","Adult","Adult",2016,2012,3,1,1,0,NA,2017,1,1,2017,1,1,0,0,2,1,"semelparous",1,1,"Adult",1,1,1,2017
"236","Uts_16A_053","sire","Adult","Adult",2016,2011,4,1,1,0,NA,2017,1,1,2017,15,2,3,0,20,1,"semelparous",1,1,"Adult",2,3,1,2017
"237","Uts_16A_055","sire","Adult","Adult",2016,2012,3,1,1,0,NA,2017,1,1,2017,10,1,2,0,13,1,"semelparous",1,1,"Adult",2,3,1,2017
"238","Uts_16A_056","sire","Adult","Adult",2016,2011,4,1,1,0,NA,2017,1,1,2017,24,6,2,0,32,1,"semelparous",1,1,"Adult",1,1,1,2017
"239","Uts_16A_057","sire","Adult","Adult",2016,2011,4,1,1,0,NA,2017,1,1,2017,3,0,0,0,3,1,"semelparous",1,1,"Adult",1,1,1,2017
"240","Uts_16A_058","sire","Adult","Adult",2016,2012,3,1,1,0,NA,2017,1,1,2017,5,1,0,0,6,2,"iteroparous",1,1,"Adult",1,1,2,2019
"241","Uts_16A_058","sire","Adult","Adult",2016,2012,3,1,1,0,NA,2017,1,2,2019,46,0,0,0,46,2,"iteroparous",1,2,"Adult",1,1,2,2019
"242","Uts_16A_061","sire","Adult","Adult",2016,2012,3,1,1,0,NA,2017,1,1,2017,4,1,1,0,6,1,"semelparous",1,1,"Adult",2,2,1,2017
"243","Uts_16A_066","sire","Adult","Adult",2016,2011,4,1,1,0,NA,2017,1,1,2017,4,1,1,0,6,1,"semelparous",1,1,"Adult",1,1,1,2017
"244","Uts_16A_067","sire","Adult","Adult",2016,2011,3,2,2,0,NA,2017,2,1,2017,20,5,2,0,27,1,"semelparous",1,1,"Adult",1,3,1,2017
"245","Uts_16A_068","sire","Adult","Adult",2016,2012,3,1,1,0,NA,2017,1,1,2017,0,1,0,0,1,2,"iteroparous",1,1,"Adult",2,2,2,2019
"246","Uts_16A_068","sire","Adult","Adult",2016,2012,3,1,1,0,NA,2017,1,2,2019,5,0,0,0,5,2,"iteroparous",1,2,"Adult",2,2,2,2019
"247","Uts_16A_070","sire","Adult","Adult",2016,2012,3,1,1,0,NA,2017,1,1,2017,8,2,1,0,11,1,"semelparous",1,1,"Adult",1,1,1,2017
"248","Uts_16A_073","sire","Adult","Adult",2016,2010,3,3,3,0,NA,2017,3,1,2017,39,4,2,0,45,1,"semelparous",1,1,"Adult",2,3,1,2017
"249","Uts_16A_074","sire","Adult","Adult",2016,2010,3,3,3,1,"1S1",2017,1,1,2017,32,9,6,0,47,1,"semelparous",1,1,"Adult",2,2,1,2017
"250","Uts_16A_078","sire","Adult","Adult",2016,2012,3,1,1,0,NA,2017,1,1,2017,3,0,0,0,3,1,"semelparous",1,1,"Adult",1,1,1,2017
"251","Uts_16A_079","sire","Adult","Adult",2016,2011,3,2,2,0,NA,2017,2,1,2017,14,1,0,0,15,1,"semelparous",1,1,"Adult",2,2,1,2017
"252","Uts_16A_081","sire","Adult","Adult",2016,2012,3,1,1,0,NA,2017,1,1,2017,18,4,2,0,24,1,"semelparous",1,1,"Adult",1,1,1,2017
"253","Uts_16A_082","sire","Adult","Adult",2016,2012,3,1,1,0,NA,2017,1,1,2017,14,3,1,0,18,1,"semelparous",1,1,"Adult",1,2,1,2017
"254","Uts_16A_083","sire","Adult","Adult",2016,2012,3,1,1,0,NA,2017,1,1,2017,0,2,0,0,2,1,"semelparous",1,1,"Adult",1,2,1,2017
"255","Uts_16A_084","sire","Adult","Adult",2016,2012,3,1,1,0,NA,2017,1,1,2017,17,3,0,0,20,1,"semelparous",1,1,"Adult",1,2,1,2017
"256","Uts_16A_086","sire","Adult","Adult",2016,2012,3,1,1,0,NA,2017,1,1,2017,1,1,0,0,2,1,"semelparous",1,1,"Adult",1,1,1,2017
"257","Uts_16A_087","sire","Adult","Adult",2016,2010,3,3,3,0,NA,2017,3,1,2017,97,13,7,0,117,1,"semelparous",1,1,"Adult",2,3,1,2017
"258","Uts_16A_090","sire","Adult","Adult",2016,2012,3,1,1,0,NA,2017,1,1,2017,0,2,0,0,2,1,"semelparous",1,1,"Adult",1,2,1,2017
"259","Uts_16A_092","sire","Adult","Adult",2016,2011,3,2,2,0,NA,2017,2,1,2017,0,2,0,0,2,1,"semelparous",1,1,"Adult",1,2,1,2017
"260","Uts_16A_100","sire","Adult","Adult",2016,2012,3,1,1,0,NA,2017,1,1,2017,2,0,0,0,2,2,"iteroparous",1,1,"Adult",1,2,2,2019
"261","Uts_16A_100","sire","Adult","Adult",2016,2012,3,1,1,0,NA,2017,1,2,2019,85,0,0,0,85,2,"iteroparous",1,2,"Adult",1,2,2,2019
"262","Uts_16A_101","sire","Adult","Adult",2016,2008,4,4,4,0,NA,2017,4,1,2017,118,28,14,0,160,1,"semelparous",1,1,"Adult",3,3,1,2017
"263","Uts_16A_103","sire","Adult","Adult",2016,2011,3,2,2,0,NA,2017,2,1,2017,4,3,0,0,7,1,"semelparous",1,1,"Adult",2,2,1,2017
"264","Uts_16A_104","sire","Adult","Adult",2016,2012,3,1,1,0,NA,2017,1,1,2017,10,6,3,0,19,1,"semelparous",1,1,"Adult",2,2,1,2017
"265","Uts_16A_107","sire","Adult","Adult",2016,2012,3,1,1,0,NA,2017,1,1,2017,2,0,0,0,2,1,"semelparous",1,1,"Adult",1,2,1,2017
"266","Uts_16A_111","sire","Adult","Adult",2016,2008,5,3,3,0,NA,2017,3,1,2017,65,16,7,0,88,1,"semelparous",1,1,"Adult",2,3,1,2017
"267","Uts_17A_001","sire","Adult","Adult",2017,2012,3,2,2,0,NA,2018,2,1,2018,12,3,0,0,15,1,"semelparous",1,1,"Adult",2,2,1,2018
"268","Uts_17A_003","sire","Adult","Adult",2017,2013,3,1,1,0,NA,2018,1,1,2018,2,0,0,0,2,1,"semelparous",1,1,"Adult",2,2,1,2018
"269","Uts_17A_006","sire","Adult","Adult",2017,2013,3,1,1,0,NA,2018,1,1,2018,6,0,0,0,6,1,"semelparous",1,1,"Adult",2,3,1,2018
"270","Uts_17A_009","sire","Adult","Adult",2017,2011,4,2,2,0,NA,2018,2,1,2018,5,0,0,0,5,1,"semelparous",1,1,"Adult",1,2,1,2018
"271","Uts_17A_011","sire","Adult","Adult",2017,2012,4,1,1,0,NA,2018,1,1,2018,94,9,3,0,106,1,"semelparous",1,1,"Adult",2,2,1,2018
"272","Uts_17A_013","sire","Adult","Adult",2017,2012,4,1,1,0,NA,2018,1,1,2018,2,0,0,0,2,1,"semelparous",1,1,"Adult",2,2,1,2018
"273","Uts_17A_014","sire","Adult","Adult",2017,2013,3,1,1,0,NA,2018,1,1,2018,1,0,0,0,1,1,"semelparous",1,1,"Adult",1,2,1,2018
"274","Uts_17A_015","sire","Adult","Adult",2017,2010,4,3,3,0,NA,2018,3,1,2018,34,5,0,0,39,1,"semelparous",1,1,"Adult",2,2,1,2018
"275","Uts_17A_016","sire","Adult","Adult",2017,2010,3,4,4,0,NA,2018,4,1,2018,30,5,0,0,35,1,"semelparous",1,1,"Adult",2,3,1,2018
"276","Uts_17A_019","sire","Adult","Adult",2017,2012,4,1,1,0,NA,2018,1,1,2018,1,0,0,0,1,1,"semelparous",1,1,"Adult",1,2,1,2018
"277","Uts_17A_020","sire","Adult","Adult",2017,2013,3,1,1,0,NA,2018,1,1,2018,3,0,1,0,4,1,"semelparous",1,1,"Adult",2,2,1,2018
"278","Uts_17A_021","sire","Adult","Adult",2017,2011,3,3,3,0,NA,2018,3,1,2018,34,4,1,0,39,1,"semelparous",1,1,"Adult",1,2,1,2018
"279","Uts_17A_022","sire","Adult","Adult",2017,2012,4,1,1,0,NA,2018,1,1,2018,8,1,0,0,9,1,"semelparous",1,1,"Adult",1,2,1,2018
"280","Uts_17A_023","sire","Adult","Adult",2017,2012,4,1,1,0,NA,2018,1,1,2018,31,4,0,0,35,1,"semelparous",1,1,"Adult",1,2,1,2018
"281","Uts_17A_027","sire","Adult","Adult",2017,2013,3,1,1,0,NA,2018,1,1,2018,1,0,0,0,1,1,"semelparous",1,1,"Adult",1,2,1,2018
"282","Uts_17A_028","sire","Adult","Adult",2017,2010,4,3,3,0,NA,2018,3,1,2018,18,0,0,0,18,1,"semelparous",1,1,"Adult",1,2,1,2018
"283","Uts_17A_029","sire","Adult","Adult",2017,2012,3,2,2,0,NA,2018,2,1,2018,7,2,0,0,9,1,"semelparous",1,1,"Adult",1,1,1,2018
"284","Uts_17A_030","sire","Adult","Adult",2017,2012,4,1,1,0,NA,2018,1,1,2018,10,0,0,0,10,1,"semelparous",1,1,"Adult",1,2,1,2018
"285","Uts_17A_034","sire","Adult","Adult",2017,2012,4,1,1,0,NA,2018,1,1,2018,8,3,0,0,11,1,"semelparous",1,1,"Adult",2,2,1,2018
"286","Uts_17A_035","sire","Adult","Adult",2017,2007,6,4,4,0,NA,2018,4,1,2018,20,1,1,0,22,1,"semelparous",1,1,"Adult",3,3,1,2018
"287","Uts_17A_036","sire","Adult","Adult",2017,2013,3,1,1,0,NA,2018,1,1,2018,12,0,0,0,12,1,"semelparous",1,1,"Adult",1,2,1,2018
"288","Uts_17A_041","sire","Adult","Adult",2017,2011,5,1,1,0,NA,2018,1,1,2018,4,0,0,0,4,1,"semelparous",1,1,"Adult",1,1,1,2018
"289","Uts_17A_042","sire","Adult","Adult",2017,2012,4,1,1,0,NA,2018,1,1,2018,0,1,0,0,1,1,"semelparous",1,1,"Adult",2,2,1,2018
"290","Uts_17A_043","sire","Adult","Adult",2017,2012,4,1,1,0,NA,2018,1,1,2018,1,0,0,0,1,1,"semelparous",1,1,"Adult",1,1,1,2018
"291","Uts_17A_044","sire","Adult","Adult",2017,2010,4,3,3,0,NA,2018,3,1,2018,17,4,1,0,22,1,"semelparous",1,1,"Adult",2,3,1,2018
"292","Uts_17A_048","sire","Adult","Adult",2017,2012,4,1,1,0,NA,2018,1,1,2018,2,0,0,0,2,1,"semelparous",1,1,"Adult",1,3,1,2018
"293","Uts_17A_049","sire","Adult","Adult",2017,2012,4,1,1,0,NA,2018,1,1,2018,0,1,1,0,2,1,"semelparous",1,1,"Adult",1,3,1,2018
"294","Uts_17A_050","sire","Adult","Adult",2017,2011,3,3,3,0,NA,2018,3,1,2018,7,6,1,0,14,1,"semelparous",1,1,"Adult",3,3,1,2018
"295","Uts_17A_052","sire","Adult","Adult",2017,2013,3,1,1,0,NA,2018,1,1,2018,9,2,0,0,11,1,"semelparous",1,1,"Adult",2,2,1,2018
"296","Uts_17A_053","sire","Adult","Adult",2017,2011,4,2,2,0,NA,2018,2,1,2018,20,5,0,0,25,1,"semelparous",1,1,"Adult",1,3,1,2018
"297","Uts_17A_054","sire","Adult","Adult",2017,2013,3,1,1,0,NA,2018,1,1,2018,0,1,0,0,1,1,"semelparous",1,1,"Adult",1,1,1,2018
"298","Uts_17A_057","sire","Adult","Adult",2017,2012,3,2,2,0,NA,2018,2,1,2018,55,4,0,0,59,1,"semelparous",1,1,"Adult",1,2,1,2018
"299","Uts_17A_058","sire","Adult","Adult",2017,2013,3,1,1,0,NA,2018,1,1,2018,3,1,0,0,4,1,"semelparous",1,1,"Adult",1,2,1,2018
"300","Uts_17A_059","sire","Adult","Adult",2017,2013,3,1,1,0,NA,2018,1,1,2018,1,0,0,0,1,1,"semelparous",1,1,"Adult",1,1,1,2018
"301","Uts_17A_061","sire","Adult","Adult",2017,2012,4,1,1,0,NA,2018,1,1,2018,5,0,0,0,5,1,"semelparous",1,1,"Adult",2,2,1,2018
"302","Uts_17A_062","sire","Adult","Adult",2017,2013,3,1,1,0,NA,2018,1,1,2018,2,0,0,0,2,1,"semelparous",1,1,"Adult",2,2,1,2018
"303","Uts_17A_064","sire","Adult","Adult",2017,2011,3,3,3,1,"1S1",2018,1,1,2018,33,3,0,0,36,1,"semelparous",1,1,"Adult",2,2,1,2018
"304","Uts_17A_065","sire","Adult","Adult",2017,2012,4,1,1,0,NA,2018,1,1,2018,0,0,1,0,1,1,"semelparous",1,1,"Adult",2,2,1,2018
"305","Uts_17A_067","sire","Adult","Adult",2017,2012,3,2,2,0,NA,2018,2,1,2018,12,3,0,0,15,1,"semelparous",1,1,"Adult",2,2,1,2018
"306","Uts_17A_069","sire","Adult","Adult",2017,2011,3,3,3,1,"1S1",2017,1,1,2018,7,1,1,0,9,1,"semelparous",1,1,"Adult",2,2,1,2018
"307","Uts_17A_070","sire","Adult","Adult",2017,2012,4,1,1,0,NA,2018,1,1,2018,11,0,0,0,11,1,"semelparous",1,1,"Adult",1,2,1,2018
"308","Uts_17A_071","sire","Adult","Adult",2017,2010,4,3,3,0,NA,2015,3,1,2014,1,0,0,0,1,2,"iteroparous",1,1,"MMP",2,2,2,2018
"309","Uts_17A_071","sire","Adult","Adult",2017,2010,4,3,3,0,NA,2015,3,2,2018,8,1,0,0,9,2,"iteroparous",1,2,"Adult",2,2,2,2018
"310","Uts_17A_076","sire","Adult","Adult",2017,2012,3,2,2,0,NA,2018,2,1,2018,9,0,0,0,9,1,"semelparous",1,1,"Adult",1,3,1,2018
"311","Uts_17A_083","sire","Adult","Adult",2017,2012,4,1,1,0,NA,2018,1,1,2018,4,1,0,0,5,1,"semelparous",1,1,"Adult",2,2,1,2018
"312","Uts_17A_084","sire","Adult","Adult",2017,2012,4,1,1,0,NA,2018,1,1,2018,0,1,0,0,1,1,"semelparous",1,1,"Adult",1,1,1,2018
"313","Uts_17A_085","sire","Adult","Adult",2017,2010,4,3,3,0,NA,2018,3,1,2018,24,3,0,0,27,1,"semelparous",1,1,"Adult",3,3,1,2018
"314","Uts_17A_089","sire","Adult","Adult",2017,2013,3,1,1,0,NA,2018,1,1,2018,12,0,0,0,12,1,"semelparous",1,1,"Adult",1,3,1,2018
"315","Uts_17A_097","sire","Adult","Adult",2017,2011,3,3,3,0,NA,2018,3,1,2018,32,8,0,0,40,1,"semelparous",1,1,"Adult",2,3,1,2018
"316","Uts_18A_002","sire","Adult","Adult",2018,2014,3,1,1,0,NA,2019,1,1,2019,4,0,0,0,4,1,"semelparous",1,1,"Adult",2,2,1,2019
"317","Uts_18A_006","sire","Adult","Adult",2018,2014,3,1,1,0,NA,2019,1,1,2019,3,0,0,0,3,1,"semelparous",1,1,"Adult",2,2,1,2019
"318","Uts_18A_007","sire","Adult","Adult",2018,2013,4,1,1,0,NA,2019,1,1,2019,2,0,0,0,2,1,"semelparous",1,1,"Adult",1,2,1,2019
"319","Uts_18A_008","sire","Adult","Adult",2018,2013,4,1,1,0,NA,2019,1,1,2019,2,0,0,0,2,1,"semelparous",1,1,"Adult",1,2,1,2019
"320","Uts_18A_009","sire","Adult","Adult",2018,2012,3,3,3,0,NA,2019,3,1,2019,28,0,0,0,28,1,"semelparous",1,1,"Adult",1,3,1,2019
"321","Uts_18A_010","sire","Adult","Adult",2018,2014,3,1,1,0,NA,2019,1,1,2019,1,0,0,0,1,1,"semelparous",1,1,"Adult",2,2,1,2019
"322","Uts_18A_012","sire","Adult","Adult",2018,2014,3,1,1,0,NA,2019,1,1,2019,9,0,0,0,9,1,"semelparous",1,1,"Adult",2,2,1,2019
"323","Uts_18A_013","sire","Adult","Adult",2018,2014,3,1,1,0,NA,2019,1,1,2019,10,0,0,0,10,1,"semelparous",1,1,"Adult",1,2,1,2019
"324","Uts_18A_014","sire","Adult","Adult",2018,2013,4,1,1,0,NA,2019,1,1,2019,3,0,0,0,3,1,"semelparous",1,1,"Adult",2,2,1,2019
"325","Uts_18A_015","sire","Adult","Adult",2018,2013,4,1,1,0,NA,2019,1,1,2019,3,0,0,0,3,1,"semelparous",1,1,"Adult",2,2,1,2019
"326","Uts_18A_017","sire","Adult","Adult",2018,2014,3,1,1,0,NA,2019,1,1,2019,16,0,0,0,16,1,"semelparous",1,1,"Adult",1,2,1,2019
"327","Uts_18A_020","sire","Adult","Adult",2018,2012,4,NA,2,0,NA,2019,2,1,2019,4,0,0,0,4,1,"semelparous",1,1,"Adult",1,1,1,2019
"328","Uts_18A_023","sire","Adult","Adult",2018,2014,3,1,1,0,NA,2019,1,1,2019,7,0,0,0,7,1,"semelparous",1,1,"Adult",2,3,1,2019
"329","Uts_18A_024","sire","Adult","Adult",2018,2014,3,1,1,0,NA,2019,1,1,2019,1,0,0,0,1,1,"semelparous",1,1,"Adult",2,2,1,2019
"330","Uts_18A_028","sire","Adult","Adult",2018,2014,3,1,1,0,NA,2019,1,1,2019,1,0,0,0,1,1,"semelparous",1,1,"Adult",1,1,1,2019
"331","Uts_18A_029","sire","Adult","Adult",2018,2012,4,NA,2,0,NA,2019,2,1,2019,3,0,0,0,3,1,"semelparous",1,1,"Adult",1,1,1,2019
"332","Uts_18A_032","sire","Adult","Adult",2018,2014,3,1,1,0,NA,2019,1,1,2019,1,0,0,0,1,1,"semelparous",1,1,"Adult",2,2,1,2019
"333","Uts_18A_034","sire","Adult","Adult",2018,2013,4,1,1,0,NA,2019,1,1,2019,1,0,0,0,1,1,"semelparous",1,1,"Adult",1,1,1,2019
"334","Uts_18A_037","sire","Adult","Adult",2018,2013,4,1,1,0,NA,2019,1,1,2019,6,0,0,0,6,1,"semelparous",1,1,"Adult",2,2,1,2019
"335","Uts_18A_046","sire","Adult","Adult",2018,2014,3,1,1,0,NA,2019,1,1,2019,27,0,0,0,27,1,"semelparous",1,1,"Adult",1,2,1,2019
"336","Uts_18A_047","sire","Adult","Adult",2018,2013,4,1,1,0,NA,2019,1,1,2019,25,0,0,0,25,1,"semelparous",1,1,"Adult",2,2,1,2019
"337","Uts_18A_049","sire","Adult","Adult",2018,2014,3,1,1,0,NA,2019,1,1,2019,3,0,0,0,3,1,"semelparous",1,1,"Adult",2,2,1,2019
"338","Uts_18A_050","sire","Adult","Adult",2018,2014,3,1,1,0,NA,2019,1,1,2019,5,0,0,0,5,1,"semelparous",1,1,"Adult",1,1,1,2019
"339","Uts_18A_052","sire","Adult","Adult",2018,2012,4,2,2,0,NA,2019,2,1,2019,13,0,0,0,13,1,"semelparous",1,1,"Adult",2,2,1,2019
"340","Uts_18A_053","sire","Adult","Adult",2018,2014,3,1,1,0,NA,2019,1,1,2019,6,0,0,0,6,1,"semelparous",1,1,"Adult",1,3,1,2019
"341","Uts_18A_054","sire","Adult","Adult",2018,2013,4,1,1,0,NA,2019,1,1,2019,4,0,0,0,4,1,"semelparous",1,1,"Adult",1,3,1,2019
"342","Uts_18A_056","sire","Adult","Adult",2018,2014,3,1,1,0,NA,2019,1,1,2019,4,0,0,0,4,1,"semelparous",1,1,"Adult",1,2,1,2019
"343","Uts_18A_057","sire","Adult","Adult",2018,2013,4,1,1,0,NA,2019,1,1,2019,12,0,0,0,12,1,"semelparous",1,1,"Adult",1,2,1,2019
"344","Uts_18A_059","sire","Adult","Adult",2018,2010,4,4,4,0,NA,2019,4,1,2019,10,0,0,0,10,1,"semelparous",1,1,"Adult",2,3,1,2019
"345","Uts_18A_065","sire","Adult","Adult",2018,2013,4,1,1,0,NA,2019,1,1,2019,1,0,0,0,1,1,"semelparous",1,1,"Adult",1,2,1,2019
"346","Uts_18A_066","sire","Adult","Adult",2018,2013,4,1,1,0,NA,2019,1,1,2019,10,0,0,0,10,1,"semelparous",1,1,"Adult",2,2,1,2019
"347","Uts_18A_068","sire","Adult","Adult",2018,2013,4,1,1,0,NA,2019,1,1,2019,12,0,0,0,12,1,"semelparous",1,1,"Adult",2,2,1,2019
"348","Uts_18A_072","sire","Adult","Adult",2018,2013,4,1,1,0,NA,2019,1,1,2019,10,0,0,0,10,1,"semelparous",1,1,"Adult",1,1,1,2019
"349","Uts_18A_078","sire","Adult","Adult",2018,2012,5,1,1,0,NA,2019,1,1,2019,1,0,0,0,1,1,"semelparous",1,1,"Adult",2,2,1,2019
"350","Uts_18A_081","sire","Adult","Adult",2018,2012,5,1,1,0,NA,2019,1,1,2019,11,0,0,0,11,1,"semelparous",1,1,"Adult",1,2,1,2019
"351","Uts_18A_082","sire","Adult","Adult",2018,2014,3,1,1,0,NA,2019,1,1,2019,11,0,0,0,11,1,"semelparous",1,1,"Adult",2,2,1,2019
"352","Uts_18A_090","sire","Adult","Adult",2018,2013,4,1,1,0,NA,2019,1,1,2019,6,0,0,0,6,1,"semelparous",1,1,"Adult",1,3,1,2019
"353","Uts_18A_091","sire","Adult","Adult",2018,2012,5,1,1,0,NA,2019,1,1,2019,1,0,0,0,1,1,"semelparous",1,1,"Adult",2,2,1,2019
"354","Uts_18A_092","sire","Adult","Adult",2018,2013,4,1,1,0,NA,2019,1,1,2019,1,0,0,0,1,1,"semelparous",1,1,"Adult",2,2,1,2019
"355","Uts_18A_101","sire","Adult","Adult",2018,2013,4,1,1,0,NA,2019,1,1,2019,3,0,0,0,3,1,"semelparous",1,1,"Adult",2,2,1,2019
"356","Uts_18A_104","sire","Adult","Adult",2018,2014,3,1,1,0,NA,2019,1,1,2019,1,0,0,0,1,1,"semelparous",1,1,"Adult",2,2,1,2019
"357","Uts_18A_106","sire","Adult","Adult",2018,2012,5,1,1,0,NA,2019,1,1,2019,5,0,0,0,5,1,"semelparous",1,1,"Adult",2,2,1,2019
"358","Uts_18A_107","sire","Adult","Adult",2018,2013,4,1,1,0,NA,2019,1,1,2019,1,0,0,0,1,1,"semelparous",1,1,"Adult",2,1,1,2019
"359","Uts_18A_110","sire","Adult","Adult",2018,2013,4,1,1,0,NA,2019,1,1,2019,4,0,0,0,4,1,"semelparous",1,1,"Adult",2,3,1,2019
"360","Uts_18A_113","sire","Adult","Adult",2018,2014,3,1,1,0,NA,2019,1,1,2019,2,0,0,0,2,1,"semelparous",1,1,"Adult",1,2,1,2019
"361","Uts_18A_115","sire","Adult","Adult",2018,2014,3,1,1,0,NA,2019,1,1,2019,2,0,0,0,2,1,"semelparous",1,1,"Adult",1,2,1,2019
"362","Uts_18A_122","sire","Adult","Adult",2018,2013,4,1,1,0,NA,2019,1,1,2019,3,0,0,0,3,1,"semelparous",1,1,"Adult",1,2,1,2019
"363","Uts_11A_22","dam","Adult","Adult",2011,2006,3,2,2,0,NA,2012,2,1,2012,19,11,1,1,32,4,"iteroparous",1,1,NA,1,2,4,2018
"364","Uts_11A_22","dam","Adult","Adult",2011,2006,3,2,2,0,NA,2012,2,2,2014,64,21,3,0,88,4,"iteroparous",1,2,NA,1,2,4,2018
"365","Uts_11A_22","dam","Adult","Adult",2011,2006,3,2,2,0,NA,2012,2,3,2016,273,38,13,0,324,4,"iteroparous",1,3,NA,1,2,4,2018
"366","Uts_11A_22","dam","Adult","Adult",2011,2006,3,2,2,0,NA,2012,2,4,2018,105,10,0,0,115,4,"iteroparous",1,4,NA,1,2,4,2018
"367","Uts_11A_28","dam","Adult","Adult",2011,2004,4,3,3,0,NA,2012,3,1,2012,26,28,2,0,56,2,"iteroparous",1,1,NA,2,2,2,2017
"368","Uts_11A_28","dam","Adult","Adult",2011,2004,4,3,3,0,NA,2012,3,3,2017,1,0,0,0,1,2,"iteroparous",1,2,NA,2,2,2,2017
"369","Uts_11A_29","dam","Adult","Adult",2011,2005,3,3,3,0,NA,2012,3,1,2012,24,28,1,1,54,1,"semelparous",1,1,NA,1,2,1,2012
"370","Uts_11A_37","dam","Adult","Adult",2011,2003,3,5,5,1,"3S1",2010,3,1,2010,0,0,0,12,12,2,"iteroparous",1,1,NA,2,2,2,2012
"371","Uts_11A_37","dam","Adult","Adult",2011,2003,3,5,5,1,"3S1",2010,3,2,2012,28,18,2,2,50,2,"iteroparous",1,2,NA,2,2,2,2012
"372","Uts_11A_39","dam","Adult","Adult",2011,2004,3,4,4,0,NA,2012,4,1,2012,25,12,0,2,39,1,"semelparous",1,1,NA,3,3,1,2012
"373","Uts_11A_52","dam","Adult","Adult",2011,2005,3,3,3,0,NA,2012,3,1,2012,4,0,1,0,5,1,"semelparous",1,1,NA,2,3,1,2012
"374","Uts_11A_53","dam","Adult","Adult",2011,2005,3,3,3,0,NA,2012,3,1,2012,32,24,4,3,63,1,"semelparous",1,1,NA,2,3,1,2012
"375","Uts_12A_003","dam","Adult","Adult",2012,2005,4,3,3,1,"1S1",2013,1,1,2013,22,4,1,1,28,1,"semelparous",1,1,NA,2,2,1,2013
"376","Uts_12A_004","dam","Adult","Adult",2012,2005,5,2,2,0,NA,2013,2,1,2013,44,3,1,0,48,1,"semelparous",1,1,NA,1,3,1,2013
"377","Uts_12A_019","dam","Adult","Adult",2012,2007,3,2,2,0,NA,2013,2,1,2013,17,1,2,0,20,1,"semelparous",1,1,NA,1,2,1,2013
"378","Uts_12A_021","dam","Adult","Adult",2012,2007,3,2,2,0,NA,2013,2,1,2013,3,0,0,0,3,1,"semelparous",1,1,NA,2,2,1,2013
"379","Uts_12A_030","dam","Adult","Adult",2012,2007,3,2,2,0,NA,2013,2,1,2013,104,11,1,0,116,1,"semelparous",1,1,NA,1,2,1,2013
"380","Uts_12_0y_333","dam","Offspring","0+",2012,2012,4,NA,NA,0,NA,2018,2,1,2018,1,0,0,0,1,1,"semelparous",1,1,NA,2,2,1,2018
"381","Uts_12_0y_519","dam","Offspring","0+",2012,2012,4,NA,NA,0,NA,2019,3,1,2019,2,0,0,0,2,1,"semelparous",1,1,NA,2,3,1,2019
"382","Uts_12_0y_537","dam","Offspring","0+",2012,2012,4,NA,NA,0,NA,2018,2,1,2018,0,1,0,0,1,1,"semelparous",1,1,NA,2,2,1,2018
"383","Uts_12_0y_698","dam","Offspring","0+",2012,2012,4,NA,NA,0,NA,2019,3,1,2019,1,0,0,0,1,1,"semelparous",1,1,NA,1,2,1,2019
"384","Uts_12_0y_763","dam","Offspring","0+",2012,2012,4,NA,NA,0,NA,2019,3,1,2019,1,0,0,0,1,1,"semelparous",1,1,NA,2,2,1,2019
"385","Uts_12_0y_806","dam","Offspring","0+",2012,2012,4,NA,NA,0,NA,2019,3,1,2019,1,0,0,0,1,1,"semelparous",1,1,NA,2,2,1,2019
"386","Uts_13A_004","dam","Adult","Adult",2013,2007,3,3,3,0,NA,2014,3,1,2014,1,1,0,0,2,1,"semelparous",1,1,NA,1,1,1,2014
"387","Uts_13A_033","dam","Adult","Adult",2013,2007,3,3,3,0,NA,2014,3,1,2014,49,14,3,3,69,1,"semelparous",1,1,NA,1,2,1,2014
"388","Uts_13A_037","dam","Adult","Adult",2013,2006,4,3,3,0,NA,2014,3,1,2014,10,5,0,2,17,1,"semelparous",1,1,NA,2,3,1,2014
"389","Uts_13A_039","dam","Adult","Adult",2013,2007,4,2,2,0,NA,2014,2,1,2014,38,8,1,1,48,1,"semelparous",1,1,NA,1,1,1,2014
"390","Uts_13A_044","dam","Adult","Adult",2013,2007,4,2,2,0,NA,2014,2,1,2014,17,3,0,1,21,2,"iteroparous",1,1,NA,2,3,2,2017
"391","Uts_13A_044","dam","Adult","Adult",2013,2007,4,2,2,0,NA,2014,2,2,2017,1,0,0,0,1,2,"iteroparous",1,2,NA,2,3,2,2017
"392","Uts_13A_047","dam","Adult","Adult",2013,2007,3,3,3,1,"1S1",2013,1,1,2014,69,16,4,7,96,3,"iteroparous",1,1,NA,1,2,3,2018
"393","Uts_13A_047","dam","Adult","Adult",2013,2007,3,3,3,1,"1S1",2013,1,2,2016,146,33,16,0,195,3,"iteroparous",1,2,NA,1,2,3,2018
"394","Uts_13A_047","dam","Adult","Adult",2013,2007,3,3,3,1,"1S1",2013,1,3,2018,60,10,7,0,77,3,"iteroparous",1,3,NA,1,2,3,2018
"395","Uts_13A_058","dam","Adult","Adult",2013,2007,4,2,2,0,NA,2014,2,1,2014,1,1,0,1,3,1,"semelparous",1,1,NA,2,2,1,2014
"396","Uts_13A_059","dam","Adult","Adult",2013,2006,5,2,2,0,NA,2014,2,1,2014,1,0,0,0,1,1,"semelparous",1,1,NA,2,2,1,2014
"397","Uts_13A_065","dam","Adult","Adult",2013,2005,3,5,5,1,"3S1",2012,3,1,2012,12,18,3,5,38,2,"iteroparous",1,1,NA,1,2,2,2014
"398","Uts_13A_065","dam","Adult","Adult",2013,2005,3,5,5,1,"3S1",2012,3,2,2014,171,52,3,2,228,2,"iteroparous",1,2,NA,1,2,2,2014
"399","Uts_13A_066","dam","Adult","Adult",2013,2007,4,2,2,0,NA,2014,2,1,2014,8,2,0,0,10,1,"semelparous",1,1,NA,2,3,1,2014
"400","Uts_13_0y_0241","dam","Offspring","0+",2013,2013,4,NA,NA,0,NA,2019,2,1,2019,1,0,0,0,1,1,"semelparous",1,1,NA,1,2,1,2019
"401","Uts_13_0y_0283","dam","Offspring","0+",2013,2013,4,NA,NA,0,NA,2019,2,1,2019,1,0,0,0,1,1,"semelparous",1,1,NA,1,3,1,2019
"402","Uts_13_1y_0244","dam","Offspring","1+",2013,2012,4,NA,NA,0,NA,2019,3,1,2019,1,0,0,0,1,1,"semelparous",1,1,NA,1,2,1,2019
"403","Uts_13_1y_0489","dam","Offspring","1+",2013,2012,4,NA,NA,0,NA,2019,3,1,2019,1,0,0,0,1,1,"semelparous",1,1,NA,1,1,1,2019
"404","Uts_13_1y_0526","dam","Offspring","1+",2013,2012,4,NA,NA,0,NA,2019,3,1,2019,1,0,0,0,1,1,"semelparous",1,1,NA,2,3,1,2019
"405","Uts_13_1y_0758","dam","Offspring","1+",2013,2012,4,NA,NA,0,NA,2018,2,1,2018,1,0,0,0,1,1,"semelparous",1,1,NA,1,1,1,2018
"406","Uts_13_1y_0842","dam","Offspring","1+",2013,2012,4,NA,NA,0,NA,2019,3,1,2019,1,0,0,0,1,1,"semelparous",1,1,NA,2,3,1,2019
"407","Uts_13_1y_0873","dam","Offspring","1+",2013,2012,4,NA,NA,0,NA,2017,1,1,2017,1,0,0,0,1,1,"semelparous",1,1,NA,1,2,1,2017
"408","Uts_14A_018","dam","Adult","Adult",2014,2008,4,NA,2,0,NA,2015,2,1,2015,1,0,0,0,1,1,"semelparous",1,1,NA,2,2,1,2015
"409","Uts_14A_024","dam","Adult","Adult",2014,2007,4,3,3,0,NA,2015,3,1,2015,46,18,5,0,69,1,"semelparous",1,1,NA,1,2,1,2015
"410","Uts_14A_050","dam","Adult","Adult",2014,2009,3,2,2,0,NA,2015,2,1,2015,0,2,2,0,4,1,"semelparous",1,1,NA,2,1,1,2015
"411","Uts_14A_063","dam","Adult","Adult",2014,2008,4,2,2,0,NA,2015,2,1,2015,1,4,1,0,6,1,"semelparous",1,1,NA,1,2,1,2015
"412","Uts_14A_066","dam","Adult","Adult",2014,2008,4,2,2,0,NA,2015,2,1,2015,17,2,1,0,20,1,"semelparous",1,1,NA,2,3,1,2015
"413","Uts_14A_107","dam","Adult","Adult",2014,2009,3,2,2,0,NA,2015,2,1,2015,1,1,0,0,2,1,"semelparous",1,1,NA,2,2,1,2015
"414","Uts_14_0y_0354","dam","Offspring","0+",2014,2014,4,NA,NA,0,NA,2019,1,1,2019,1,0,0,0,1,1,"semelparous",1,1,NA,2,2,1,2019
"415","Uts_14_0y_0946","dam","Offspring","0+",2014,2014,4,NA,NA,0,NA,2019,1,1,2019,1,0,0,0,1,1,"semelparous",1,1,NA,2,3,1,2019
"416","Uts_14_1y_0281","dam","Offspring","1+",2014,2013,4,NA,NA,0,NA,2019,2,1,2019,1,0,0,0,1,1,"semelparous",1,1,NA,1,2,1,2019
"417","Uts_14_2y_0089","dam","Offspring","2-3+",2014,2012,4,NA,NA,0,NA,2017,1,1,2017,1,0,0,0,1,1,"semelparous",1,1,NA,1,1,1,2017
"418","Uts_15A_010","dam","Adult","Adult",2015,2009,4,2,2,0,NA,2016,2,1,2016,89,15,5,0,109,1,"semelparous",1,1,NA,1,1,1,2016
"419","Uts_15A_011","dam","Adult","Adult",2015,2008,4,3,3,0,NA,2016,3,1,2016,19,6,2,0,27,2,"iteroparous",1,1,NA,2,3,2,2018
"420","Uts_15A_011","dam","Adult","Adult",2015,2008,4,3,3,0,NA,2016,3,2,2018,8,2,0,0,10,2,"iteroparous",1,2,NA,2,3,2,2018
"421","Uts_15A_026","dam","Adult","Adult",2015,2010,3,2,2,0,NA,2016,2,1,2016,103,12,5,0,120,1,"semelparous",1,1,NA,2,2,1,2016
"422","Uts_15A_030","dam","Adult","Adult",2015,2007,4,4,4,1,"2S1",2015,2,1,2016,52,7,2,0,61,1,"semelparous",1,1,NA,1,2,1,2016
"423","Uts_15A_054","dam","Adult","Adult",2015,2009,4,2,2,0,NA,2016,2,1,2016,5,0,0,0,5,1,"semelparous",1,1,NA,2,3,1,2016
"424","Uts_15A_055","dam","Adult","Adult",2015,2007,4,4,4,1,"2S1",2016,2,1,2016,23,4,0,0,27,1,"semelparous",1,1,NA,1,1,1,2016
"425","Uts_15A_066","dam","Adult","Adult",2015,2006,4,5,5,1,"3S1",2014,3,1,2014,77,22,6,1,106,3,"iteroparous",1,1,NA,1,2,3,2018
"426","Uts_15A_066","dam","Adult","Adult",2015,2006,4,5,5,1,"3S1",2014,3,2,2016,181,23,5,0,209,3,"iteroparous",1,2,NA,1,2,3,2018
"427","Uts_15A_066","dam","Adult","Adult",2015,2006,4,5,5,1,"3S1",2014,3,3,2018,66,5,0,0,71,3,"iteroparous",1,3,NA,1,2,3,2018
"428","Uts_15A_067","dam","Adult","Adult",2015,2008,4,3,3,0,NA,2016,3,1,2016,4,1,1,0,6,1,"semelparous",1,1,NA,2,3,1,2016
"429","Uts_15A_077","dam","Adult","Adult",2015,2009,4,2,2,0,NA,2016,2,1,2016,4,3,0,0,7,1,"semelparous",1,1,NA,1,1,1,2016
"430","Uts_15A_078","dam","Adult","Adult",2015,2009,4,2,2,0,NA,2016,2,1,2016,18,6,3,0,27,2,"iteroparous",1,1,NA,2,2,2,2018
"431","Uts_15A_078","dam","Adult","Adult",2015,2009,4,2,2,0,NA,2016,2,2,2018,31,1,0,0,32,2,"iteroparous",1,2,NA,2,2,2,2018
"432","Uts_15_1y_0072","dam","Offspring","1+",2015,2014,4,NA,NA,0,NA,2019,1,1,2019,1,0,0,0,1,1,"semelparous",1,1,NA,1,2,1,2019
"433","Uts_15_1y_0268","dam","Offspring","1+",2015,2014,4,NA,NA,0,NA,2019,1,1,2019,1,0,0,0,1,1,"semelparous",1,1,NA,1,1,1,2019
"434","Uts_16A_036","dam","Adult","Adult",2016,2011,3,2,2,0,NA,2017,2,1,2017,9,3,3,0,15,1,"semelparous",1,1,NA,3,3,1,2017
"435","Uts_16A_037","dam","Adult","Adult",2016,2010,3,3,3,0,NA,2017,3,1,2017,27,14,5,0,46,1,"semelparous",1,1,NA,2,2,1,2017
"436","Uts_16A_043","dam","Adult","Adult",2016,2011,3,2,2,0,NA,2017,2,1,2017,0,3,0,0,3,1,"semelparous",1,1,NA,2,2,1,2017
"437","Uts_16A_048","dam","Adult","Adult",2016,2011,3,2,2,0,NA,2017,2,1,2017,17,5,1,0,23,2,"iteroparous",1,1,NA,3,3,2,2019
"438","Uts_16A_048","dam","Adult","Adult",2016,2011,3,2,2,0,NA,2017,2,2,2019,4,0,0,0,4,2,"iteroparous",1,2,NA,3,3,2,2019
"439","Uts_16A_050","dam","Adult","Adult",2016,2009,4,3,3,0,NA,2017,3,1,2017,99,26,12,0,137,2,"iteroparous",1,1,NA,2,2,2,2019
"440","Uts_16A_050","dam","Adult","Adult",2016,2009,4,3,3,0,NA,2017,3,2,2019,85,0,0,0,85,2,"iteroparous",1,2,NA,2,2,2,2019
"441","Uts_16A_064","dam","Adult","Adult",2016,2010,4,NA,2,0,NA,2017,2,1,2017,9,4,0,0,13,1,"semelparous",1,1,NA,2,3,1,2017
"442","Uts_16A_077","dam","Adult","Adult",2016,2011,3,2,2,0,NA,2017,2,1,2017,0,1,1,0,2,1,"semelparous",1,1,NA,1,2,1,2017
"443","Uts_16A_091","dam","Adult","Adult",2016,2011,3,2,2,0,NA,2017,2,1,2017,16,5,4,0,25,1,"semelparous",1,1,NA,1,2,1,2017
"444","Uts_16A_096","dam","Adult","Adult",2016,2010,3,3,3,0,NA,2017,3,1,2017,91,16,9,0,116,2,"iteroparous",1,1,NA,2,2,2,2019
"445","Uts_16A_096","dam","Adult","Adult",2016,2010,3,3,3,0,NA,2017,3,2,2019,46,0,0,0,46,2,"iteroparous",1,2,NA,2,2,2,2019
"446","Uts_16A_102","dam","Adult","Adult",2016,2010,4,2,2,0,NA,2017,2,1,2017,25,9,1,0,35,1,"semelparous",1,1,NA,2,2,1,2017
"447","Uts_16A_105","dam","Adult","Adult",2016,2011,3,2,2,0,NA,2017,2,1,2017,18,4,3,0,25,1,"semelparous",1,1,NA,1,1,1,2017
"448","Uts_16A_108","dam","Adult","Adult",2016,2011,3,2,2,0,NA,2017,2,1,2017,32,10,2,0,44,1,"semelparous",1,1,NA,2,2,1,2017
"449","Uts_16A_112","dam","Adult","Adult",2016,2011,3,2,2,0,NA,2017,2,1,2017,5,7,0,0,12,1,"semelparous",1,1,NA,1,1,1,2017
"450","Uts_16A_115","dam","Adult","Adult",2016,2011,3,2,2,0,NA,2017,2,1,2017,13,3,0,0,16,1,"semelparous",1,1,NA,2,3,1,2017
"451","Uts_17A_005","dam","Adult","Adult",2017,2010,4,3,3,0,NA,2018,3,1,2018,33,6,0,0,39,1,"semelparous",1,1,NA,1,2,1,2018
"452","Uts_17A_010","dam","Adult","Adult",2017,2010,4,3,3,0,NA,2018,3,1,2018,29,1,0,0,30,1,"semelparous",1,1,NA,2,2,1,2018
"453","Uts_17A_018","dam","Adult","Adult",2017,2010,4,3,3,0,NA,2018,3,1,2018,1,2,0,0,3,1,"semelparous",1,1,NA,2,2,1,2018
"454","Uts_17A_026","dam","Adult","Adult",2017,2011,4,2,2,0,NA,2018,2,1,2018,19,5,0,0,24,1,"semelparous",1,1,NA,2,3,1,2018
"455","Uts_17A_031","dam","Adult","Adult",2017,2010,4,3,3,0,NA,2018,3,1,2018,8,1,0,0,9,1,"semelparous",1,1,NA,2,3,1,2018
"456","Uts_17A_046","dam","Adult","Adult",2017,2011,3,3,3,0,NA,2018,3,1,2018,6,1,0,0,7,1,"semelparous",1,1,NA,1,3,1,2018
"457","Uts_17A_056","dam","Adult","Adult",2017,2011,3,3,3,0,NA,2018,3,1,2018,21,1,0,0,22,1,"semelparous",1,1,NA,1,3,1,2018
"458","Uts_17A_066","dam","Adult","Adult",2017,2011,3,3,3,0,NA,2018,3,1,2018,61,12,0,0,73,1,"semelparous",1,1,NA,3,3,1,2018
"459","Uts_17A_072","dam","Adult","Adult",2017,2011,4,2,2,0,NA,2018,2,1,2018,3,0,0,0,3,1,"semelparous",1,1,NA,2,2,1,2018
"460","Uts_17A_073","dam","Adult","Adult",2017,2011,4,2,2,0,NA,2018,2,1,2018,6,0,1,0,7,1,"semelparous",1,1,NA,1,1,1,2018
"461","Uts_17A_074","dam","Adult","Adult",2017,2011,4,2,2,0,NA,2018,2,1,2018,14,1,0,0,15,1,"semelparous",1,1,NA,1,2,1,2018
"462","Uts_17A_075","dam","Adult","Adult",2017,2009,3,5,5,1,"3S1",2016,3,1,2016,63,12,3,0,78,2,"iteroparous",1,1,NA,1,1,2,2018
"463","Uts_17A_075","dam","Adult","Adult",2017,2009,3,5,5,1,"3S1",2016,3,2,2018,16,2,0,0,18,2,"iteroparous",1,2,NA,1,1,2,2018
"464","Uts_17A_077","dam","Adult","Adult",2017,2011,3,3,3,0,NA,2018,3,1,2018,12,2,1,0,15,1,"semelparous",1,1,NA,1,2,1,2018
"465","Uts_17A_078","dam","Adult","Adult",2017,2009,3,5,5,1,"3S1",2016,3,1,2016,30,10,2,0,42,2,"iteroparous",1,1,NA,2,3,2,2018
"466","Uts_17A_078","dam","Adult","Adult",2017,2009,3,5,5,1,"3S1",2016,3,2,2018,45,4,0,0,49,2,"iteroparous",1,2,NA,2,3,2,2018
"467","Uts_17A_096","dam","Adult","Adult",2017,2008,4,5,5,1,"3S1",2016,3,1,2016,46,4,2,0,52,2,"iteroparous",1,1,NA,1,2,2,2018
"468","Uts_17A_096","dam","Adult","Adult",2017,2008,4,5,5,1,"3S1",2016,3,2,2018,17,3,0,0,20,2,"iteroparous",1,2,NA,1,2,2,2018
"469","Uts_17A_098","dam","Adult","Adult",2017,2010,4,3,3,0,NA,2018,3,1,2018,45,12,1,0,58,1,"semelparous",1,1,NA,1,2,1,2018
"470","Uts_18A_038","dam","Adult","Adult",2018,2012,3,3,3,0,NA,2019,3,1,2019,41,0,0,0,41,1,"semelparous",1,1,NA,1,2,1,2019
"471","Uts_18A_042","dam","Adult","Adult",2018,2011,3,4,4,0,NA,2019,4,1,2019,3,0,0,0,3,1,"semelparous",1,1,NA,2,3,1,2019
"472","Uts_18A_045","dam","Adult","Adult",2018,2012,4,2,2,0,NA,2019,2,1,2019,2,0,0,0,2,1,"semelparous",1,1,NA,1,3,1,2019
"473","Uts_18A_071","dam","Adult","Adult",2018,2011,4,3,3,0,NA,2019,3,1,2019,26,0,0,0,26,1,"semelparous",1,1,NA,1,2,1,2019
"474","Uts_18A_080","dam","Adult","Adult",2018,2012,3,3,3,0,NA,2019,3,1,2019,42,0,0,0,42,1,"semelparous",1,1,NA,2,3,1,2019
"475","Uts_18A_088","dam","Adult","Adult",2018,2012,4,2,2,0,NA,2019,2,1,2019,59,0,0,0,59,1,"semelparous",1,1,NA,2,2,1,2019
"476","Uts_18A_096","dam","Adult","Adult",2018,2012,3,3,3,0,NA,2019,3,1,2019,27,0,0,0,27,1,"semelparous",1,1,NA,1,3,1,2019
"477","Uts_18A_117","dam","Adult","Adult",2018,2011,4,3,3,0,NA,2019,3,1,2019,61,1,0,0,62,1,"semelparous",1,1,NA,2,3,1,2019
"478","Uts_18A_119","dam","Adult","Adult",2018,2013,3,2,2,0,NA,2019,2,1,2019,3,0,0,0,3,1,"semelparous",1,1,NA,2,2,1,2019
