ID,year,date,date.fix,tag.ID,wt.kg,length.cm,sex,notes.fi,notes.en,notes.KM,dead,recapture,match.ID,Scale.smoltage,scale.seaage,Respawner,respawner.info,notes.FI,notes.ENG
Uts_11A_01,2011,9/20/2011,9/20/2011,F814,2.5,64,M,,,,NA,NA,,4,1,0,,,
Uts_11A_02,2011,9/20/2011,9/20/2011,F815,2.4,65,M,,,,NA,NA,,NA,1,0,,,
Uts_11A_03,2011,9/20/2011,9/20/2011,F816,3.5,75,M,,,,NA,NA,,4,2,0,,,
Uts_11A_04,2011,9/20/2011,9/20/2011,F817,7.3,90,M,,,,NA,NA,,4,2,0,,,
Uts_11A_05,2011,9/21/2011,9/21/2011,F818,1.4,54,M,,,,NA,NA,,3,1,0,,,
Uts_11A_06,2011,9/21/2011,9/21/2011,F819,7.2,89,M,,,,NA,NA,,4,2,0,,,
Uts_11A_07,2011,9/21/2011,9/21/2011,F820,11,107,M,,,,NA,NA,,NA,3,0,,,
Uts_11A_08,2011,9/22/2011,9/22/2011,F821,1.65,59,M,,,,NA,NA,,4,1,0,,,
Uts_11A_09,2011,9/22/2011,9/22/2011,F822,2.6,66,M,,,,NA,NA,,4,1,0,,,
Uts_11A_10,2011,9/22/2011,9/22/2011,F823,1.85,60,M,,,,NA,NA,,4,1,0,,,
Uts_11A_11,2011,9/22/2011,9/22/2011,F824,2,62,M,,,,NA,NA,,3,1,0,,,
Uts_11A_12,2011,9/22/2011,9/22/2011,F825,2.4,64,M,,,,NA,NA,,4,1,0,,,
Uts_11A_13,2011,9/23/2011,9/23/2011,F826,2.2,65,M,,,,NA,NA,,3,1,0,,,
Uts_11A_14,2011,9/23/2011,9/23/2011,F827,5.5,85,M,,,,NA,NA,,3,2,0,,,
Uts_11A_15,2011,9/23/2011,9/23/2011,F828,2.4,64,M,,,,NA,NA,,4,1,0,,,
Uts_11A_16,2011,9/23/2011,9/23/2011,F829,3.1,70,M,,,,NA,NA,,3,2,0,,,
Uts_11A_17,2011,9/23/2011,9/23/2011,F830,8.8,97,M,,,,NA,NA,,3,3,0,,,
Uts_11A_18,2011,9/26/2011,9/26/2011,F831,2.5,64,M,,,,NA,NA,,4,1,0,,,
Uts_11A_19,2011,9/26/2011,9/26/2011,F832,2.7,67,M,,,,NA,NA,,4,1,0,,,
Uts_11A_20,2011,9/26/2011,9/26/2011,F833,2.7,67,M,,,,NA,NA,,3,1,0,,,
Uts_11A_21,2011,9/27/2011,9/27/2011,F834,2.1,62,M,,,,NA,NA,,3,1,0,,,
Uts_11A_22,2011,9/27/2011,9/27/2011,F835,5.7,83,F,,,,NA,NA,,3,2,0,,,
Uts_11A_23,2011,9/28/2011,9/28/2011,F836,1.7,59,M,,,,NA,NA,,3,1,0,,,
Uts_11A_24,2011,9/28/2011,9/28/2011,F837,2.4,65,M,,,,NA,NA,,4,1,0,,,
Uts_11A_25,2011,9/28/2011,9/28/2011,F838,2,61,M,,,,NA,NA,,4,1,0,,,
Uts_11A_26,2011,9/28/2011,9/28/2011,F839,2.9,70,M,,,,NA,NA,,4,1,0,,,
Uts_11A_27,2011,9/28/2011,9/28/2011,F840,2.5,66,M,,,,NA,NA,,3,1,0,,,
Uts_11A_28,2011,9/28/2011,9/28/2011,F841,11.9,99,F,,,,NA,NA,,4,3,0,,,
Uts_11A_29,2011,9/28/2011,9/28/2011,F842,10.3,100,F,,,,NA,NA,,3,3,0,,,
Uts_11A_30,2011,9/28/2011,9/28/2011,F843,1.5,56,M,,,,NA,NA,,3,1,0,,,
Uts_11A_31,2011,9/28/2011,9/28/2011,F844,2,62,M,,,,NA,NA,,4,1,0,,,
Uts_11A_32,2011,9/28/2011,9/28/2011,F845,2.2,64,M,,,,NA,NA,,3,1,0,,,
Uts_11A_33,2011,9/28/2011,9/28/2011,F846,2,60,M,,,,NA,NA,,4,1,0,,,
Uts_11A_34,2011,9/28/2011,9/28/2011,F847,1.9,59,M,,,,NA,NA,,4,1,0,,,
Uts_11A_35,2011,9/29/2011,9/29/2011,F848,2.3,66,M,,,,NA,NA,,4,1,0,,,
Uts_11A_36,2011,9/29/2011,9/29/2011,F849,12.6,116,M,,,,NA,NA,,NA,3,0,,,
Uts_11A_37,2011,9/29/2011,9/29/2011,F850,13.5,114,F,,,,NA,NA,,3,5,1,3S1,,
Uts_11A_38,2011,9/30/2011,9/30/2011,F851,2.3,62,M,,,,NA,NA,,4,1,0,,,
Uts_11A_39,2011,9/30/2011,9/30/2011,F852,14.3,109,F,,,,NA,NA,,3,4,0,,,
Uts_11A_40,2011,9/30/2011,9/30/2011,F853,19.75,117,M,,,,NA,NA,,NA,4,0,,,
Uts_11A_41,2011,10/2/2011,10/2/2011,F854,2,61,M,,,,NA,NA,,3,1,0,,,
Uts_11A_42,2011,10/2/2011,10/2/2011,F855,2.4,64,M,,,recaptured later,NA,1,Uts_13A_054,4,1,0,,,
Uts_11A_43,2011,10/2/2011,10/2/2011,F856,2.4,64,M,,,,NA,NA,,3,1,0,,,
Uts_11A_44,2011,10/2/2011,10/2/2011,F857,1.9,60,M,,,,NA,NA,,4,1,0,,,
Uts_11A_45,2011,10/2/2011,10/2/2011,F858,1.5,55,M,,,,NA,NA,,3,1,0,,,
Uts_11A_46,2011,10/2/2011,10/2/2011,F859,1.9,59,M,,,,NA,NA,,3,1,0,,,
Uts_11A_47,2011,10/2/2011,10/2/2011,F860,2.6,66,M,,,,NA,NA,,4,1,0,,,
Uts_11A_48,2011,10/3/2011,10/3/2011,F861,1.7,59,M,,,,NA,NA,,5,1,0,,,
Uts_11A_49,2011,10/3/2011,10/3/2011,F862,1.9,59,M,,,,NA,NA,,4,1,0,,,
Uts_11A_50,2011,10/3/2011,10/3/2011,F863,2.5,64,M,,,,NA,NA,,3,1,0,,,
Uts_11A_51,2011,10/3/2011,10/3/2011,F865,2.7,67,M,,,,NA,NA,,3,1,0,,,
Uts_11A_52,2011,10/3/2011,10/3/2011,F864,9.7,98,F,,,,NA,NA,,3,3,0,,,
Uts_11A_53,2011,10/3/2011,10/3/2011,F866,7.3,92,F,,,,NA,NA,,3,3,0,,,
Uts_11A_54,2011,10/3/2011,10/3/2011,F867,1.5,57,M,,,,NA,NA,,3,1,0,,,
Uts_12A_001,2012,9/16/2012,9/16/2012,F151,3.1,69,M,,,,NA,NA,,5,2,0,,,
Uts_12A_002,2012,9/16/2012,9/16/2012,F152,3.9,75,M,,,,NA,NA,,4,2,0,,,
Uts_12A_003,2012,9/16/2012,9/16/2012,F153,4.9,81,F,,,,NA,NA,,4,3,1,1S1,,
Uts_12A_004,2012,9/16/2012,9/16/2012,F154,7,90,F,,,,NA,NA,,5,2,0,,,
Uts_12A_005,2012,9/18/2012,9/18/2012,F155,15.5,117,M,,,,NA,NA,,NA,4,0,,,
Uts_12A_006,2012,9/18/2012,9/18/2012,F156,1.8,62,M,,,,NA,NA,,4,1,0,,,
Uts_12A_007,2012,9/19/2012,9/19/2012,F157,11.5,102,M,,,,NA,NA,,4,3,0,,,
Uts_12A_008,2012,9/19/2012,9/19/2012,F158,2.1,63,M,,,,NA,NA,,3,1,0,,,
Uts_12A_009,2012,9/19/2012,9/19/2012,F159,1.9,63,M,,,,NA,NA,,4,1,0,,,
Uts_12A_010,2012,9/19/2012,9/19/2012,F160,2,60,M,,,,NA,NA,,NA,1,0,,,
Uts_12A_011,2012,9/20/2012,9/20/2012,F161,2.5,65,M,,,,NA,NA,,5,1,0,,,
Uts_12A_012,2012,9/20/2012,9/20/2012,F162,1.9,59,M,,,,NA,NA,,4,1,0,,,
Uts_12A_013,2012,9/24/2012,9/24/2012,F163,2.9,66,M,,,,NA,NA,,5,1,0,,,
Uts_12A_014,2012,9/24/2012,9/24/2012,F164,2.6,67,M,,,,NA,NA,,4,1,0,,,
Uts_12A_015,2012,9/24/2012,9/24/2012,F165,2.9,68,M,,,,NA,NA,,4,1,0,,,
Uts_12A_016,2012,9/24/2012,9/24/2012,F166,3,71,M,,,,NA,NA,,4,1,0,,,
Uts_12A_017,2012,9/25/2012,9/25/2012,F167,17,117,M,,,,NA,NA,,3,3,0,,,
Uts_12A_018,2012,9/25/2012,9/25/2012,F168,15,111,F,,,,NA,NA,,4,5,1,3S1,,
Uts_12A_019,2012,9/25/2012,9/25/2012,F169,5.7,84,F,,,,NA,NA,,3,2,0,,,
Uts_12A_020,2012,9/25/2012,9/25/2012,F170,1.9,59,M,,,,NA,NA,,4,1,0,,,
Uts_12A_021,2012,9/25/2012,9/25/2012,F171,4,76,F,,,,NA,NA,,3,2,0,,,
Uts_12A_022,2012,9/25/2012,9/25/2012,F172,2.5,66,M,,,,NA,NA,,5,1,0,,,
Uts_12A_023,2012,9/25/2012,9/25/2012,F173,2.5,67,M,,,,NA,NA,,3,1,0,,,
Uts_12A_024,2012,9/27/2012,9/27/2012,,18.5,123,M,,dead,,1,NA,,NA,NA,NA,,,
Uts_12A_025,2012,9/27/2012,9/27/2012,F174,2.9,69,M,,,,NA,NA,,5,1,0,,,
Uts_12A_026,2012,9/27/2012,9/27/2012,F175,2.6,68,M,,,,NA,NA,,4,1,0,,,
Uts_12A_027,2012,9/27/2012,9/27/2012,F176,1.5,57,F,,,,NA,NA,,4,1,0,,,
Uts_12A_028,2012,9/28/2012,9/28/2012,F177,2.3,63,M,,,,NA,NA,,4,1,0,,,
Uts_12A_029,2012,9/28/2012,9/28/2012,F178,2.8,66,M,,,,NA,NA,,3,1,0,,,
Uts_12A_030,2012,9/28/2012,9/28/2012,F179,7.2,92,F,,,,NA,NA,,3,2,0,,,
Uts_12A_031,2012,10/1/2012,10/1/2012,F180,1.4,57,M,,,,NA,NA,,4,1,0,,,
Uts_12A_032,2012,10/1/2012,10/1/2012,F181,2.4,66,M,,,,NA,NA,,3,1,0,,,
Uts_12A_033,2012,10/1/2012,10/1/2012,F182,9.8,102,M,,dead,,1,NA,,NA,NA,NA,,,
Uts_12A_034,2012,10/1/2012,10/1/2012,F183,6.5,91,M,,,,NA,NA,,3,2,0,,,
Uts_12A_035,2012,10/2/2012,10/2/2012,F184,3,70,M,,,,NA,NA,,4,1,0,,,
Uts_12A_036,2012,10/2/2012,10/2/2012,F185,8.4,96,M,,,,NA,NA,,3,3,1,1S1,,
Uts_13A_001,2013,17.-18.9.2013,9/17/2013,F501,2.2,63,M,,,,NA,NA,,4,1,0,,,
Uts_13A_002,2013,17.-18.9.2013,9/17/2013,F502,1.7,57,M,,,,NA,NA,,4,1,0,,,
Uts_13A_003,2013,17.-18.9.2013,9/17/2013,F503,2,62,M,,,,NA,NA,,4,1,0,,,
Uts_13A_004,2013,17.-18.9.2013,9/17/2013,F504,9.8,102,F,,,,NA,NA,,3,3,0,,,
Uts_13A_005,2013,17.-18.9.2013,9/17/2013,F505,2.2,63,M,,,,NA,NA,,4,1,0,,,
Uts_13A_006,2013,17.-18.9.2013,9/17/2013,F506,1.5,57,M,,,,NA,NA,,4,1,0,,,
Uts_13A_007,2013,17.-18.9.2013,9/17/2013,F507,1.8,58,M,,,,NA,NA,,4,1,0,,,
Uts_13A_008,2013,17.-18.9.2013,9/17/2013,F508,1.4,56,F,,,,NA,NA,,5,1,0,,,
Uts_13A_009,2013,18.-19.9.2013,9/18/2013,F509,2.9,68,M,,,,NA,NA,,4,1,0,,,
Uts_13A_010,2013,19.-20.9.2013,9/19/2013,F510,2.4,63,M,,,,NA,NA,,4,1,0,,,
Uts_13A_011,2013,19.-20.9.2013,9/19/2013,F511,2,60,M,,,,NA,NA,,3,1,0,,,
Uts_13A_012,2013,19.-20.9.2013,9/19/2013,F512,2,58,F,,dead,,1,NA,,NA,NA,NA,,,
Uts_13A_013,2013,20.-21.9.2013,9/20/2013,F513,12,111,M,,,,NA,NA,,NA,3,0,,,
Uts_13A_014,2013,20.-21.9.2013,9/20/2013,F514,1.8,57,M,,,,NA,NA,,5,1,0,,,
Uts_13A_015,2013,20.-21.9.2013,9/20/2013,F515,3.1,67,M,,,,NA,NA,,4,1,0,,,
Uts_13A_016,2013,20.-21.9.2013,9/20/2013,F516,1.9,59,M,,,,NA,NA,,4,1,0,,,
Uts_13A_017,2013,23.-24.9.2013,9/23/2013,F517,2,60,M,,,,NA,NA,,4,1,0,,,
Uts_13A_018,2013,23.-24.9.2013,9/23/2013,F518,1.5,55,M,,,,NA,NA,,5,1,0,,,
Uts_13A_019,2013,23.-24.9.2013,9/23/2013,F519,1.8,58,M,,,,NA,NA,,4,1,0,,,
Uts_13A_020,2013,23.-24.9.2013,9/23/2013,F520,1.6,58,M,,,,NA,NA,,4,1,0,,,
Uts_13A_021,2013,23.-24.9.2013,9/23/2013,F521,1.9,59,M,,,,NA,NA,,4,1,0,,,
Uts_13A_022,2013,23.-24.9.2013,9/23/2013,F522,2.1,62,M,,,,NA,NA,,4,1,0,,,
Uts_13A_023,2013,24.-25.9.2013,9/24/2013,F523,8.9,98,M,,,,NA,NA,,4,3,0,,,
Uts_13A_024,2013,24.-25.9.2013,9/24/2013,F524,9.5,100,M,,,,NA,NA,,NA,3,0,,,
Uts_13A_025,2013,24.-25.9.2013,9/24/2013,F525,1.9,60,M,,,,NA,NA,,3,1,0,,,
Uts_13A_026,2013,25.-26.9.2013,9/25/2013,F526,1.8,60,M,,,,NA,NA,,3,1,0,,,
Uts_13A_027,2013,25.-26.9.2013,9/25/2013,F527,1.7,59,M,,,,NA,NA,,4,1,0,,,
Uts_13A_028,2013,25.-26.9.2013,9/25/2013,F528,6.6,87,M,,,,NA,NA,,4,2,0,,,
Uts_13A_029,2013,26.-27.9.2013,9/26/2013,F529,8.1,93,M,,,,NA,NA,,4,3,1,1S1,,
Uts_13A_030,2013,26.-27.9.2013,9/26/2013,F530,1.9,59,M,,,,NA,NA,,4,1,0,,,
Uts_13A_031,2013,26.-27.9.2013,9/26/2013,F531,2.1,61,M,,,,NA,NA,,4,1,0,,,
Uts_13A_032,2013,26.-27.9.2013,9/26/2013,F532,1.6,57,M,,,,NA,NA,,5,1,0,,,
Uts_13A_033,2013,26.-27.9.2013,9/26/2013,F533,8.9,95,F,,,,NA,NA,,3,3,0,,,
Uts_13A_034,2013,26.-27.9.2013,9/26/2013,F534,7,94,M,,,,NA,NA,,4,2,0,,,
Uts_13A_035,2013,29.-30.9.2013,9/29/2013,F535,2.2,61,M,,,,NA,NA,,NA,1,0,,,
Uts_13A_036,2013,29.-30.9.2013,9/29/2013,F536,2,59,M,,,,NA,NA,,4,1,0,,,
Uts_13A_037,2013,29.-30.9.2013,9/29/2013,F537,8.8,97,F,,,,NA,NA,,4,3,0,,,
Uts_13A_038,2013,29.-30.9.2013,9/29/2013,F538,10.4,101,M,,,,NA,NA,,3,3,1,1S1,,
Uts_13A_039,2013,29.-30.9.2013,9/29/2013,F539,5.7,84,F,,,,NA,NA,,4,2,0,,,
Uts_13A_040,2013,29.-30.9.2013,9/29/2013,F540,1.6,54,M,,,,NA,NA,,NA,1,0,,,
Uts_13A_041,2013,29.-30.9.2013,9/29/2013,F541,2.4,64,M,,,,NA,NA,,5,1,0,,,
Uts_13A_042,2013,29.-30.9.2013,9/29/2013,F542,2.4,62,M,,,,NA,NA,,4,1,0,,,
Uts_13A_043,2013,29.-30.9.2013,9/29/2013,F543,9.3,102,M,,,,NA,NA,,NA,3,0,,,
Uts_13A_044,2013,29.-30.9.2013,9/29/2013,F544,4.9,82,F,,,,NA,NA,,NA,2,0,,,
Uts_13A_045,2013,29.-30.9.2013,9/29/2013,F545,3.5,83,F,,,,NA,NA,,NA,2,0,,,
Uts_13A_046,2013,29.-30.9.2013,9/29/2013,F546,1.8,58,M,,,,NA,NA,,4,1,0,,,
Uts_13A_047,2013,29.-30.9.2013,9/29/2013,F547,9.6,96,F,,,,NA,NA,,3,3,1,1S1,,
Uts_13A_048,2013,30.9-1.10.2013,9/30/2013,F548,2.4,64,M,,,,NA,NA,,4,1,0,,,
Uts_13A_049,2013,30.9-1.10.2013,9/30/2013,F549,2.1,61,M,,,,NA,NA,,4,1,0,,,
Uts_13A_050,2013,30.9-1.10.2013,9/30/2013,F550,2,61,M,,,,NA,NA,,4,1,0,,,
Uts_13A_051,2013,30.9-1.10.2013,9/30/2013,F551,2.1,60,M,,,,NA,NA,,4,1,0,,,
Uts_13A_052,2013,30.9-1.10.2013,9/30/2013,F552,1.7,58,M,,,,NA,NA,,4,1,0,,,
Uts_13A_053,2013,1.-2.10.2013,10/1/2013,F553,8.5,94,M,,,,NA,NA,,NA,3,0,,,
Uts_13A_054,2013,1.-2.10.2013,10/1/2013,F554,10.8,101,M,,,"recapture, tag lost",NA,2,Uts_11A_042,4,3,1,,,"smoltage from Uts_11A_042, not originally noted as a respawner"
Uts_13A_055,2013,1.-2.10.2013,10/1/2013,F555,2.3,63,M,,,,NA,NA,,4,1,0,,,
Uts_13A_056,2013,1.-2.10.2013,10/1/2013,F556,1.6,55,M,,,,NA,NA,,4,1,0,,,
Uts_13A_057,2013,1.-2.10.2013,10/1/2013,F557,1.9,61,M,,,,NA,NA,,4,1,0,,,
Uts_13A_058,2013,2.-3.10.2013,10/2/2013,F558,6.8,86,F,,,,NA,NA,,4,2,0,,,
Uts_13A_059,2013,2.-3.10.2013,10/2/2013,F559,4.8,77,F,,,,NA,NA,,5,2,0,,,
Uts_13A_060,2013,2.-3.10.2013,10/2/2013,F560,1.7,56,M,,,,NA,NA,,4,1,0,,,
Uts_13A_061,2013,2.-3.10.2013,10/2/2013,F561,2.6,64,M,,,,NA,NA,,4,3,1,1S1,,
Uts_13A_062,2013,2.-3.10.2013,10/2/2013,F562,1.2,52,M,,,,NA,NA,,4,1,0,,,
Uts_13A_063,2013,3.-4.10.2013,10/3/2013,F563,2.4,63,M,,,,NA,NA,,4,1,0,,,
Uts_13A_064,2013,3.-4.10.2013,10/3/2013,F564,1.6,56,M,,,,NA,NA,,NA,1,0,,,
Uts_13A_065,2013,4.-5.10.2013,10/4/2013,F565,16.9,114,F,,,,NA,NA,,3,5,1,3S1,,
Uts_13A_066,2013,4.-5.10.2013,10/4/2013,F566,5.3,83,F,,,,NA,NA,,4,2,0,,,
Uts_13A_067,2013,4.-5.10.2013,10/4/2013,F567,2.6,61,M,,,,NA,NA,,4,1,0,,,
Uts_14A_001,2014,15-16.9,9/15/2014,NA,2.3,67,M,,,,NA,NA,,3,1,0,,,
Uts_14A_002,2014,15-16.9,9/15/2014,NA,4,76,M,,MSW,,NA,NA,,3,2,0,,,
Uts_14A_003,2014,15-16.9,9/15/2014,NA,2.4,66,M,,,,NA,NA,,3,1,0,,,
Uts_14A_004,2014,15-16.9,9/15/2014,NA,2.6,63,M,,,,NA,NA,,3,1,0,,,
Uts_14A_005,2014,15-16.9,9/15/2014,NA,3.2,70,M,,MSW,,NA,NA,,NA,1,0,,,
Uts_14A_006,2014,15-16.9,9/15/2014,NA,1.9,63,M,,,,NA,NA,,5,1,0,,,
Uts_14A_007,2014,15-16.9,9/15/2014,NA,2.6,65,M,,,,NA,NA,,4,1,0,,,
Uts_14A_008,2014,15-16.9,9/15/2014,F568,2.7,66,M,,,,NA,NA,,4,1,0,,,
Uts_14A_009,2014,15-16.9,9/15/2014,F569,3.1,69,M,,,,NA,NA,,5,1,0,,,
Uts_14A_010,2014,15-16.9,9/15/2014,F570,2.8,65,M,,,,NA,NA,,4,1,0,,,
Uts_14A_011,2014,15-16.9,9/15/2014,F571,2.5,64,M,,,,NA,NA,,3,1,0,,,
Uts_14A_012,2014,15-16.9,9/15/2014,F572,4.4,84,M,,MSW,,NA,NA,,3,2,0,,,
Uts_14A_013,2014,15-16.9,9/15/2014,F573,2.2,62,M,,,,NA,NA,,4,1,0,,,
Uts_14A_014,2014,15-16.9,9/15/2014,F574,2.6,68,M,,,,NA,NA,,4,1,0,,,
Uts_14A_015,2014,17-20.9,9/17/2014,F575,2.4,65,M,,,,NA,NA,,3,1,0,,,
Uts_14A_016,2014,17-20.9,9/17/2014,F576,3.4,70,M,kirkas,MSW,silvery,NA,NA,,3,1,0,,,
Uts_14A_017,2014,17-20.9,9/17/2014,F577,2.3,62,M,kirkas,,silvery,NA,NA,,3,1,0,,,
Uts_14A_018,2014,17-20.9,9/17/2014,F578,7.1,86,F,"kirkas, respawn",MSW,silvery,NA,NA,,NA,NA,0,,,
Uts_14A_019,2014,17-20.9,9/17/2014,F579,2.4,66,M,,,,NA,NA,,3,1,0,,,
Uts_14A_020,2014,17-20.9,9/17/2014,F580,4.8,85,M,,MSW,,NA,NA,,3,2,0,,,
Uts_14A_021,2014,17-20.9,9/17/2014,F581,3.4,71,M,,MSW,,NA,NA,,3,1,0,,,
Uts_14A_022,2014,17-20.9,9/17/2014,F582,9,99,M,,MSW,,NA,NA,,3,2,0,,,
Uts_14A_023,2014,17-20.9,9/17/2014,F583,2.7,70,M,,,,NA,NA,,4,1,0,,,
Uts_14A_024,2014,17-20.9,9/17/2014,F584,12.1,103,F,,MSW,,NA,NA,,4,3,0,,,
Uts_14A_025,2014,17-20.9,9/17/2014,F585,2.8,68,M,,,,NA,NA,,3,1,0,,,
Uts_14A_026,2014,17-20.9,9/17/2014,F586,3.8,71,M,,MSW,,NA,NA,,3,2,0,,,
Uts_14A_027,2014,17-20.9,9/17/2014,F587,7.2,91,M,,MSW,,NA,NA,,3,3,0,,,
Uts_14A_028,2014,17-20.9,9/17/2014,F588,3,65,M,kirkas,,silvery,NA,NA,,4,1,0,,,
Uts_14A_029,2014,17-20.9,9/17/2014,F589,3,68,M,,,,NA,NA,,3,1,0,,,
Uts_14A_030,2014,17-20.9,9/17/2014,F590,2.4,64,M,,,,NA,NA,,3,1,0,,,
Uts_14A_031,2014,17-20.9,9/17/2014,F591,2.9,70,M,,,,NA,NA,,3,1,0,,,
Uts_14A_032,2014,17-20.9,9/17/2014,F592,2,61,M,,,,NA,NA,,4,1,0,,,
Uts_14A_033,2014,17-20.9,9/17/2014,F593,3.5,71,M,,MSW,,NA,NA,,3,2,0,,,
Uts_14A_034,2014,17-20.9,9/17/2014,F594,2.7,66,M,,,,NA,NA,,3,1,0,,,
Uts_14A_035,2014,17-20.9,9/17/2014,F595,2.2,62,M,,,,NA,NA,,3,1,0,,,
Uts_14A_036,2014,17-20.9,9/17/2014,F596,2.5,67,M,,,,NA,NA,,3,1,0,,,
Uts_14A_037,2014,17-20.9,9/17/2014,F597,2.3,64,M,,,,NA,NA,,3,1,0,,,
Uts_14A_038,2014,17-20.9,9/17/2014,F598,2.5,67,M,,,,NA,NA,,3,1,0,,,
Uts_14A_039,2014,17-20.9,9/17/2014,F599,2.8,66,M,,,,NA,NA,,4,1,0,,,
Uts_14A_040,2014,17-20.9,9/17/2014,F600,2.8,67,M,,,,NA,NA,,4,1,0,,,
Uts_14A_041,2014,19-20.9,9/19/2014,F601,2.7,69,M,,,,NA,NA,,NA,1,0,,,
Uts_14A_042,2014,19-20.9,9/19/2014,F602,2,61,M,,,,NA,NA,,4,1,0,,,
Uts_14A_043,2014,19-20.9,9/19/2014,F603,2.3,65,M,,,,NA,NA,,3,1,0,,,
Uts_14A_044,2014,19-20.9,9/19/2014,F604,1.8,60,M,,,,NA,NA,,3,1,0,,,
Uts_14A_045,2014,19-20.9,9/19/2014,F605,6,86,M,,MSW,,NA,NA,,4,2,0,,,
Uts_14A_046,2014,22.-23.9,9/22/2014,F606,12.1,105,M,,MSW,,NA,NA,,4,3,0,,,
Uts_14A_047,2014,22.-23.9,9/22/2014,F607,2.9,68,M,,,,NA,NA,,4,1,0,,,
Uts_14A_048,2014,22.-23.9,9/22/2014,F608,3.8,72,M,,MSW,,NA,NA,,4,1,0,,,
Uts_14A_049,2014,22.-23.9,9/22/2014,F609,2.2,65,M,,,,NA,NA,,3,1,0,,,
Uts_14A_050,2014,22.-23.9,9/22/2014,F610,5.6,82,F,,MSW,,NA,NA,,3,2,0,,,
Uts_14A_051,2014,22.-23.9,9/22/2014,F611,2.7,67,M,,,,NA,NA,,4,1,0,,,
Uts_14A_052,2014,22.-23.9,9/22/2014,F612,2.6,67,M,kirkas,,silvery,NA,NA,,4,1,0,,,
Uts_14A_053,2014,22.-23.9,9/22/2014,F613,6.7,85,M,,MSW,,NA,NA,,4,2,0,,,
Uts_14A_054,2014,22.-23.9,9/22/2014,F614,2.6,66,M,,,,NA,NA,,3,1,0,,,
Uts_14A_055,2014,22.-23.9,9/22/2014,F615,2.3,66,M,,,,NA,NA,,3,1,0,,,
Uts_14A_056,2014,22.-23.9,9/22/2014,F616,2.1,64,M,,,,NA,NA,,4,1,0,,,
Uts_14A_057,2014,22.-23.9,9/22/2014,F617,4.4,80,M,kirkas,MSW,silvery,NA,NA,,4,2,0,,,
Uts_14A_058,2014,22.-23.9,9/22/2014,F618,1.9,61,M,,,,NA,1,Uts_16A_075,4,1,0,,,
Uts_14A_059,2014,22.-23.9,9/22/2014,F619,1.7,58,M,,,,NA,NA,,3,1,0,,,
Uts_14A_060,2014,23.-24.9,9/23/2014,F620,2.9,67,M,,,,NA,NA,,3,1,0,,,
Uts_14A_061,2014,23.-24.9,9/23/2014,F621,3.1,67,M,,,,NA,NA,,3,1,0,,,
Uts_14A_062,2014,23.-24.9,9/23/2014,F622,2.4,65,M,,,,NA,NA,,3,1,0,,,
Uts_14A_063,2014,23.-24.9,9/23/2014,F623,7.1,91,F,,MSW,,NA,NA,,4,2,0,,,
Uts_14A_064,2014,24.-25.9,9/24/2014,F624,2.5,66,M,,,,NA,NA,,4,1,0,,,
Uts_14A_065,2014,24.-25.9,9/24/2014,F625,2.5,65,M,,,,NA,NA,,4,1,0,,,
Uts_14A_066,2014,24.-25.9,9/24/2014,F626,6.7,86,F,,MSW,,NA,NA,,4,2,0,,,
Uts_14A_067,2014,24.-25.9,9/24/2014,F627,9.8,102,M,,MSW,,NA,NA,,4,2,0,,,
Uts_14A_068,2014,24.-25.9,9/24/2014,F628,9.7,102,M,,MSW,,NA,NA,,3,3,0,,,
Uts_14A_069,2014,24.-25.9,9/24/2014,F629,2.7,67,M,,,,NA,NA,,3,1,0,,,
Uts_14A_070,2014,24.-25.9,9/24/2014,F630,2.7,67,M,,,,NA,NA,,3,1,0,,,
Uts_14A_071,2014,24.-25.9,9/24/2014,F631,2.6,65,M,,,,NA,NA,,3,1,0,,,
Uts_14A_072,2014,24.-25.9,9/24/2014,F632,4.7,80,M,,MSW,,NA,NA,,4,2,0,,,
Uts_14A_073,2014,25.-26.9,9/25/2014,F633,3.8,74,M,,MSW,,NA,NA,,3,3,1,1S1,,
Uts_14A_074,2014,25.-26.9,9/25/2014,F634,4,73,M,,MSW,,NA,NA,,3,2,0,,,
Uts_14A_075,2014,25.-26.9,9/25/2014,F635,2.4,63,M,,,,NA,NA,,3,1,0,,,
Uts_14A_076,2014,25.-26.9,9/25/2014,F636,3,68,M,,,,NA,NA,,3,1,0,,,
Uts_14A_077,2014,25.-26.9,9/25/2014,F637,3.3,68,M,,,,NA,NA,,3,2,0,,,
Uts_14A_078,2014,25.-26.9,9/25/2014,F638,2.4,66,M,,,,NA,NA,,4,1,0,,,
Uts_14A_079,2014,25.-26.9,9/25/2014,F639,2.2,65,M,,,,NA,NA,,3,1,0,,,
Uts_14A_080,2014,26.-27.9,9/26/2014,F640,4.6,77,M,,MSW,,NA,NA,,NA,2,0,,,
Uts_14A_081,2014,26.-27.9,9/26/2014,F641,3.6,71,M,,MSW,,NA,NA,,3,2,1,1S1,,
Uts_14A_082,2014,26.-27.9,9/26/2014,F642,3,68,M,,,,NA,NA,,4,1,0,,,
Uts_14A_083,2014,26.-27.9,9/26/2014,F643,2.5,66,M,,,,NA,1,Uts_16A_109,3,1,0,,,
Uts_14A_084,2014,26.-27.9,9/26/2014,F644,2.6,67,M,,,,NA,1,Uts_16A_088,3,1,0,,,
Uts_14A_085,2014,26.-27.9,9/26/2014,F645,7.5,94,M,,MSW,,NA,NA,,5,2,0,,,
Uts_14A_086,2014,26.-27.9,9/26/2014,F646,3.6,72,M,,MSW,,NA,NA,,3,2,0,,,
Uts_14A_087,2014,29.-30.9,9/29/2014,F647,2.2,62,M,,,,NA,NA,,4,1,0,,,
Uts_14A_088,2014,29.-30.9,9/29/2014,F648,7.8,92,M,,MSW,,NA,NA,,5,2,0,,,
Uts_14A_089,2014,30.9-1.10,9/30/2014,F649,19.7,125,M,,MSW,,NA,NA,,4,4,0,,,
Uts_14A_090,2014,30.9-1.10,9/30/2014,F650,2.5,66,M,,,,NA,NA,,4,1,0,,,
Uts_14A_091,2014,30.9-1.10,9/30/2014,F651,20.1,124,M,,MSW,,NA,NA,,4,4,0,,,
Uts_14A_092,2014,30.9-1.10,9/30/2014,F652,2.3,65,M,,,,NA,NA,,3,1,0,,,
Uts_14A_093,2014,30.9-1.10,9/30/2014,F653,3.1,67,M,,,,NA,NA,,3,2,0,,,
Uts_14A_094,2014,30.9-1.10,9/30/2014,F654,2.5,66,M,,,,NA,NA,,4,1,0,,,
Uts_14A_095,2014,30.9-1.10,9/30/2014,F655,3.1,70,M,,MSW,,NA,NA,,3,1,0,,,
Uts_14A_096,2014,30.9-1.10,9/30/2014,F656,9.8,92,M,,MSW,,NA,NA,,NA,3,0,,,
Uts_14A_097,2014,30.9-1.10,9/30/2014,F657,2.7,67,M,,,,NA,NA,,3,1,0,,,
Uts_14A_098,2014,30.9-1.10,9/30/2014,F658,2.6,69,M,,,,NA,NA,,3,1,0,,,
Uts_14A_099,2014,30.9-1.10,9/30/2014,F659,2.2,63,M,,,,NA,NA,,3,1,0,,,
Uts_14A_100,2014,1.-2.10,10/1/2014,F660,5,80,F,,MSW,,NA,NA,,3,2,0,,,
Uts_14A_101,2014,1.-2.10,10/1/2014,F661,2,61,M,,,,NA,NA,,3,1,0,,,
Uts_14A_102,2014,1.-2.10,10/1/2014,F662,4,75,M,respawn,MSW,,NA,NA,,4,2,0,,,
Uts_14A_103,2014,1.-2.10,10/1/2014,F663,3.9,77,M,,MSW,,NA,NA,,3,2,0,,,
Uts_14A_104,2014,1.-2.10,10/1/2014,F664,6.6,82,M,"kirkas, kassi/respawn",MSW,silvery,NA,NA,,NA,2,1,,,
Uts_14A_105,2014,2.-3.10,10/2/2014,F665,1.9,63,M,,,,NA,NA,,3,1,0,,,
Uts_14A_106,2014,2.-3.10,10/2/2014,F666,3.3,72,M,,MSW,,NA,NA,,4,2,0,,,
Uts_14A_107,2014,2.-3.10,10/2/2014,F667,5,80,F,,MSW,,NA,NA,,3,2,0,,,
Uts_14A_108,2014,2.-3.10,10/2/2014,F668,5.7,84,F,,MSW,,NA,NA,,4,2,0,,,
Uts_14A_109,2014,3.-4.10,10/3/2014,F669,5.6,92,M,,MSW,,NA,NA,,4,4,1,2S1,,
Uts_14A_110,2014,3.-4.10,10/3/2014,F670,2.8,68,M,,,,NA,NA,,3,1,0,,,
Uts_15A_001,2015,14-15.9,9/14/2015,Z08200,2,58,M,,,,NA,NA,,4,1,0,,,
Uts_15A_002,2015,14-15.9,9/14/2015,Z08201,1.8,60,M,,,,NA,NA,,4,1,0,,,
Uts_15A_003,2015,14-15.9,9/14/2015,Z08202,2.3,63,M,,,,NA,NA,,3,1,0,,,
Uts_15A_004,2015,14-15.9,9/14/2015,Z08203,2.3,62,M,,,,NA,NA,,3,1,0,,,
Uts_15A_005,2015,14-15.9,9/14/2015,Z08204,5.8,88,M,,,,NA,NA,,3,2,0,,,
Uts_15A_006,2015,14-15.9,9/14/2015,Z08205,2.8,66,M,,,,NA,NA,,3,1,0,,,
Uts_15A_007,2015,14-15.9,9/14/2015,Z08206,2.6,65,M,,,,NA,NA,,4,1,0,,,
Uts_15A_008,2015,14-15.9,9/14/2015,Z08207,6.9,90,M,,,,NA,NA,,3,3,1,1S1,,
Uts_15A_009,2015,14-15.9,9/14/2015,Z08208,2.2,62,M,,,,NA,NA,,3,1,0,,,
Uts_15A_010,2015,14-15.9,9/14/2015,Z08209,5.5,85,F,,,,NA,NA,,4,2,0,,,
Uts_15A_011,2015,14-15.9,9/14/2015,Z08210,7.8,91,F,,,,NA,NA,,4,3,0,,,
Uts_15A_012,2015,15.-16.9,9/15/2015,Z08211,2.3,64,M,,,,NA,NA,,3,1,0,,,
Uts_15A_013,2015,15.-16.9,9/15/2015,Z08212,2.1,62,M,,,,NA,NA,,4,1,0,,,
Uts_15A_014,2015,15.-16.9,9/15/2015,Z08213,2.2,62,M,,,,NA,NA,,3,1,0,,,
Uts_15A_015,2015,15.-16.9,9/15/2015,Z08214,2.6,65,M,,,,NA,NA,,3,1,0,,,
Uts_15A_016,2015,16.-17.9,9/16/2015,Z08215,1.6,57,M,,,,NA,NA,,4,1,0,,,
Uts_15A_017,2015,16.-17.9,9/16/2015,Z08216,3.2,70,M,,,,NA,NA,,4,1,0,,,
Uts_15A_018,2015,16.-17.9,9/16/2015,Z08217,1.7,59,M,,,,NA,NA,,5,1,0,,,
Uts_15A_019,2015,16.-17.9,9/16/2015,Z08218,1.6,54,M,rasvaev‰ puuttuu,missing adipose fin,,NA,NA,,4,1,0,,,
Uts_15A_020,2015,16.-17.9,9/16/2015,Z08219,11.1,99,M,,,,NA,NA,,3,3,0,,,
Uts_15A_021,2015,16.-17.9,9/16/2015,Z08220,1,49,F,,,,NA,NA,,NA,NA,0,,,
Uts_15A_022,2015,16.-17.9,9/16/2015,Z08221,2.1,62,M,,,,NA,NA,,3,1,0,,,
Uts_15A_023,2015,16.-17.9,9/16/2015,Z08222,2.5,65,M,,,,NA,NA,,3,1,0,,,
Uts_15A_024,2015,17.-18.9,9/17/2015,Z08223,1.8,59,M,,,,NA,NA,,3,1,0,,,
Uts_15A_025,2015,17.-18.9,9/17/2015,Z08224,2.1,62,M,,,,NA,NA,,5,1,0,,,
Uts_15A_026,2015,17.-18.9,9/17/2015,Z08225,5.6,81,F,,,,NA,NA,,3,2,0,,,
Uts_15A_027,2015,21.-22.9,9/21/2015,Z08226,2.4,64,M,,,,NA,NA,,3,1,0,,,
Uts_15A_028,2015,21.-22.9,9/21/2015,Z08227,7.5,91,M,,,,NA,NA,,3,2,0,,,
Uts_15A_029,2015,21.-22.9,9/21/2015,Z08228,9.6,99,M,,,,NA,NA,,4,2,0,,,
Uts_15A_030,2015,21.-22.9,9/21/2015,Z08229,11.6,103,F,,,,NA,NA,,4,4,1,2S1,,
Uts_15A_031,2015,22.-23.9,9/22/2015,Z08230,2.6,66,M,,,,NA,NA,,3,1,0,,,
Uts_15A_032,2015,22.-23.9,9/22/2015,Z08231,2.7,65,M,,,,NA,NA,,4,1,0,,,
Uts_15A_033,2015,22.-23.9,9/22/2015,Z08232,1.8,59,M,,,,NA,NA,,3,1,0,,,
Uts_15A_034,2015,22.-23.9,9/22/2015,Z08233,2.2,63,M,,,,NA,NA,,NA,1,0,,,
Uts_15A_035,2015,22.-23.9,9/22/2015,Z08234,1.8,61,M,,,,NA,NA,,4,1,0,,,
Uts_15A_036,2015,22.-23.9,9/22/2015,Z08235,2.4,64,M,lohit‰it‰,salmon lice,,NA,NA,,NA,1,0,,,
Uts_15A_037,2015,22.-23.9,9/22/2015,Z08236,1.7,59,M,,,,NA,NA,,4,1,0,,,
Uts_15A_038,2015,23.-24.9,9/23/2015,Z08237,2.9,67,M,,,,NA,NA,,5,1,0,,,
Uts_15A_039,2015,23.-24.9,9/23/2015,Z08238,2,60,M,,,,NA,NA,,3,1,0,,,
Uts_15A_040,2015,23.-24.9,9/23/2015,Z08239,5.9,82,F,,,,NA,NA,,NA,2,0,,,
Uts_15A_041,2015,23.-24.9,9/23/2015,Z08240,11.4,108,M,,,,NA,NA,,3,3,0,,,
Uts_15A_042,2015,24.-25.9,9/24/2015,Z08241,1.7,58,M,,,,NA,NA,,3,1,0,,,
Uts_15A_043,2015,24.-25.9,9/24/2015,Z08242,2.7,67,M,,,,NA,NA,,3,1,0,,,
Uts_15A_044,2015,24.-25.9,9/24/2015,Z08243,2.3,64,M,,,,NA,NA,,5,1,0,,,
Uts_15A_045,2015,24.-25.9,9/24/2015,Z08244,1.7,59,M,,,,NA,NA,,3,1,0,,,
Uts_15A_046,2015,24.-25.9,9/24/2015,Z08245,2.5,65,M,,,,NA,NA,,4,1,0,,,
Uts_15A_047,2015,24.-25.9,9/24/2015,Z08246,1.7,56,M,,,,NA,NA,,3,1,0,,,
Uts_15A_048,2015,24.-25.9,9/24/2015,Z08247,2.3,62,M,,,,NA,NA,,3,1,0,,,
Uts_15A_049,2015,25.-26.9,9/25/2015,Z08248,2.3,63,M,,,,NA,NA,,3,1,0,,,
Uts_15A_050,2015,25.-26.9,9/25/2015,Z08250,2,61,M,,,,NA,NA,,3,1,0,,,
Uts_15A_051,2015,25.-26.9,9/25/2015,Z08251,1.5,56,M,,,,NA,NA,,3,1,0,,,
Uts_15A_052,2015,28.-29.9,9/28/2015,Z08252,2,60,M,,,,NA,1,Uts_17A_087,3,1,0,,,disagreement in smolt age between 1 and 2nd recapture
Uts_15A_053,2015,28.-29.9,9/28/2015,Z08253,1.5,56,M,,,,NA,NA,,3,1,0,,,
Uts_15A_054,2015,28.-29.9,9/28/2015,Z08254,6.7,85,F,,,,NA,NA,,4,2,0,,,
Uts_15A_055,2015,28.-29.9,9/28/2015,Z08255,11.5,101,F,,,,NA,NA,,NA,4,1,2S1,,
Uts_15A_056,2015,28.-29.9,9/28/2015,Z08256,1.8,62,M,,,,NA,1,Uts_17A_088,3,1,0,,,
Uts_15A_057,2015,28.-29.9,9/28/2015,Z08257,2.5,64,M,kuoli verkkoon,died in net,,1,NA,,3,1,0,,,
Uts_15A_058,2015,28.-29.9,9/28/2015,Z08258,2.1,61,M,,,,NA,NA,,3,1,0,,,
Uts_15A_059,2015,28.-29.9,9/28/2015,Z08259,2,60,M,,,,NA,NA,,3,1,0,,,
Uts_15A_060,2015,28.-29.9,9/28/2015,Z08260,1.7,62,M,,,,NA,NA,,3,1,0,,,
Uts_15A_061,2015,28.-29.9,9/28/2015,Z08261,2,62,M,,,,NA,NA,,3,1,0,,,
Uts_15A_062,2015,28.-29.9,9/28/2015,Z08262,6.9,90,F,,,,NA,NA,,3,2,0,,,
Uts_15A_063,2015,29.-30.9,9/29/2015,Z08263,1.6,57,M,,,,NA,NA,,3,1,0,,,
Uts_15A_064,2015,29.-30.9,9/29/2015,Z08264,2.7,68,M,eritt‰in kirkas,very bright colors,,NA,NA,,4,1,0,,,
Uts_15A_065,2015,29.-30.9,9/29/2015,Z08265,2,63,M,,,,NA,NA,,3,1,0,,,
Uts_15A_066,2015,31.9-1.10,9/30/2015,Z08266,13.1,111,F,,sept 31st?!,,NA,NA,,4,5,1,3S1,,
Uts_15A_067,2015,31.9-1.10,9/30/2015,Z08267,9.6,95,F,,,,NA,NA,,4,3,0,,,
Uts_15A_068,2015,31.9-1.10,9/30/2015,Z08268,3.1,68,M,,,,NA,NA,,3,1,0,,,
Uts_15A_069,2015,31.9-1.10,9/30/2015,Z08269,1.8,60,M,,,,NA,NA,,3,1,0,,,
Uts_15A_070,2015,31.9-1.10,9/30/2015,Z08270,14.2,115,M,,,,NA,NA,,3,3,0,,,
Uts_15A_071,2015,31.9-1.10,9/30/2015,Z08271,4.7,82,M,,,same male as UTS_15A_075,NA,NA,Uts_15A_075,4,2,0,,,
Uts_15A_072,2015,1.-2.10,10/1/2014,Z08272,2.3,65,M,,,,NA,NA,,3,1,0,,,
Uts_15A_073,2015,1.-2.10,10/1/2014,Z08273,2.4,65,M,rasvaev‰n reuna leikattu - todenn‰kˆisesti kala nro. 71 josta merkki irronnut,"part of the adipose fin has been cut, maybe 71",not 71,NA,NA,,3,1,0,,,
Uts_15A_074,2015,1.-2.10,10/1/2014,Z08274,1.4,57,M,,,,NA,NA,,4,1,0,,,
Uts_15A_076,2015,1.-2.10,10/1/2014,Z08276,9.8,100,M,,dates converted to 1st day,,NA,NA,,3,2,0,,,
Uts_15A_077,2015,2.-3.10,10/2/2015,Z08277,5.1,78,F,,,,NA,NA,,4,2,0,,,
Uts_15A_078,2015,2.-3.10,10/2/2015,Z08278,3.5,72,F,,,,NA,NA,,4,2,0,,,
Uts_15A_079,2015,2.-3.10,10/2/2015,Z08279,2.8,69,M,,,,NA,NA,,3,1,0,,,
Uts_15A_080,2015,2.-3.10,10/2/2015,Z08280,2.1,62,M,,,,NA,NA,,5,1,0,,,
Uts_15A_081,2015,2.-3.10,10/2/2015,Z08281,1.7,61,M,,,,NA,NA,,4,1,0,,,
Uts_15A_082,2015,2.-3.10,10/2/2015,Z08282,2.4,64,M,,,,NA,NA,,3,1,0,,,
Uts_16A_001,2016,14-Sep,9/14/2016,Z08283,2.6,63,M,,,,NA,NA,,3,1,0,,,
Uts_16A_002,2016,14-Sep,9/14/2016,Z08284,2.1,61,M,,,,NA,NA,,3,1,0,,,
Uts_16A_003,2016,15-16.9,9/15/2016,Z08285,2.1,62,M,,,,NA,NA,,3,1,0,,,
Uts_16A_004,2016,15-16.9,9/15/2016,Z08286,12.3,110,M,,,,NA,NA,,3,3,0,,,
Uts_16A_005,2016,15-16.9,9/15/2016,Z08287,2.4,62,M,,,,NA,NA,,3,1,0,,,
Uts_16A_006,2016,15-16.9,9/15/2016,Z08288,1.8,58,M,,,,NA,NA,,3,1,0,,,
Uts_16A_007,2016,15-16.9,9/15/2016,Z08289,9.5,103,M,,,,NA,NA,,3,NA,0,,,
Uts_16A_008,2016,15-16.9,9/15/2016,Z08290,1.8,59,M,,,,NA,NA,,3,1,0,,,
Uts_16A_009,2016,15-16.9,9/15/2016,Z08291,2,60,M,,,,NA,NA,,3,1,0,,,
Uts_16A_010,2016,15-16.9,9/15/2016,Z08292,2.1,61,M,,,,NA,NA,,3,1,0,,,
Uts_16A_011,2016,15-16.9,9/15/2016,Z08293,1.8,60,M,,,,NA,NA,,3,1,0,,,
Uts_16A_012,2016,15-16.9,9/15/2016,Z08294,2.3,62,M,,,,NA,NA,,4,1,0,,,
Uts_16A_013,2016,15-16.9,9/15/2016,Z08295,6.1,90,M,,,,NA,NA,,NA,NA,0,,,
Uts_16A_014,2016,15-16.9,9/15/2016,Z08296,1.4,54,M,,,,NA,NA,,3,1,0,,,
Uts_16A_015,2016,15-16.9,9/15/2016,Z08297,5,84,M,,,,NA,NA,,3,2,0,,,
Uts_16A_016,2016,15-16.9,9/15/2016,Z08298,3.6,72,M,,,,NA,NA,,3,1,0,,,
Uts_16A_017,2016,15-16.9,9/15/2016,Z08299,6.3,84,M,,,,NA,NA,,4,2,0,,,
Uts_16A_018,2016,15-16.9,9/15/2016,Z08300,1.7,59,M,,,,NA,NA,,3,1,0,,,
Uts_16A_019,2016,15-16.9,9/15/2016,Z08301,1.8,58,M,,,,NA,NA,,3,1,0,,,
Uts_16A_020,2016,15-16.9,9/15/2016,Z08302,2,61,M,,,,NA,NA,,3,1,0,,,
Uts_16A_021,2016,16.-17.9,9/16/2016,Z08303,1.8,59,M,,,,NA,NA,,3,1,0,,,
Uts_16A_022,2016,16.-17.9,9/16/2016,Z08304,1.9,60,M,,,,NA,NA,,3,1,0,,,
Uts_16A_023,2016,16.-17.9,9/16/2016,Z08305,2.2,63,M,,,,NA,NA,,4,1,0,,,
Uts_16A_024,2016,16.-17.9,9/16/2016,Z08306,2.3,61,M,,,,NA,NA,,4,1,0,,,
Uts_16A_025,2016,16.-17.9,9/16/2016,Z08307,2.3,64,M,,,,NA,NA,,4,1,0,,,
Uts_16A_026,2016,16.-17.9,9/16/2016,Z08308,2.5,65,M,,,,NA,NA,,3,1,0,,,
Uts_16A_027,2016,16.-17.9,9/16/2016,Z08309,1.4,55,M,,,,NA,NA,,3,1,0,,,
Uts_16A_028,2016,16.-17.9,9/16/2016,Z08310,5.9,88,M,,,,NA,NA,,3,2,0,,,
Uts_16A_029,2016,16.-17.9,9/16/2016,Z08311,1.8,58,M,,,,NA,NA,,3,1,0,,,
Uts_16A_030,2016,16.-17.9,9/16/2016,Z08312,1.4,53,M,,,,NA,NA,,4,1,0,,,
Uts_16A_031,2016,16.-17.9,9/16/2016,Z08313,1.5,56,M,,,,NA,NA,,NA,1,0,,,
Uts_16A_032,2016,19.-20.9,9/19/2016,Z08314,2,61,M,,,,NA,NA,,3,1,0,,,
Uts_16A_033,2016,19.-20.9,9/19/2016,Z08315,1.6,55,M,,,,NA,NA,,3,1,0,,,
Uts_16A_034,2016,19.-20.9,9/19/2016,Z08316,1.6,59,M,,,,NA,NA,,3,1,0,,,
Uts_16A_035,2016,19.-20.9,9/19/2016,Z08317,1.8,59,M,,,,NA,NA,,3,1,0,,,
Uts_16A_036,2016,19.-20.9,9/19/2016,Z08318,5.6,81,F,,,,NA,NA,,3,2,0,,,
Uts_16A_037,2016,19.-20.9,9/19/2016,Z08319,9.4,97,F,,,,NA,NA,,3,3,0,,,
Uts_16A_038,2016,20.-21.9,9/20/2016,Z08320,1.9,59,M,,,,NA,NA,,4,1,0,,,
Uts_16A_039,2016,20.-21.9,9/20/2016,Z08321,2,61,M,,,,NA,NA,,4,1,0,,,
Uts_16A_040,2016,20.-21.9,9/20/2016,Z08322,2,58,M,,,,NA,NA,,4,1,0,,,
Uts_16A_041,2016,20.-21.9,9/20/2016,Z08323,6,89,M,,,,NA,NA,,3,2,0,,,
Uts_16A_042,2016,20.-21.9,9/20/2016,Z08324,2.6,63,M,,,,NA,NA,,3,1,0,,,
Uts_16A_043,2016,20.-21.9,9/20/2016,Z08325,6.3,83,F,,,,NA,NA,,3,2,0,,,
Uts_16A_044,2016,20.-21.9,9/20/2016,Z08326,1.6,58,M,,,,NA,NA,,3,1,0,,,
Uts_16A_045,2016,20.-21.9,9/20/2016,Z08327,1.8,59,M,,,,NA,NA,,4,1,0,,,
Uts_16A_046,2016,20.-21.9,9/20/2016,,2,60,M,kuollut,dead,,1,NA,,3,1,0,,,
Uts_16A_047,2016,20.-21.9,9/20/2016,,9.3,97,M,kuollut,dead,,1,NA,,3,3,1,1S1,,
Uts_16A_048,2016,20.-21.9,9/20/2016,Z08328,6.2,84,F,,,,NA,NA,,3,2,0,,,
Uts_16A_049,2016,21.-22.9,9/21/2015,Z08329,1.8,57,M,,,,NA,NA,,3,1,0,,,
Uts_16A_050,2016,21.-22.9,9/21/2015,Z08330,9.3,99,F,,,,NA,NA,,NA,3,0,,,
Uts_16A_051,2016,21.-22.9,9/21/2015,Z08331,2,60,M,,,,NA,NA,,3,1,0,,,
Uts_16A_052,2016,21.-22.9,9/21/2015,Z08332,1,48,M,,,,NA,NA,,3,1,0,,,
Uts_16A_053,2016,21.-22.9,9/21/2015,Z08333,2.1,60,M,,,,NA,NA,,4,1,0,,,
Uts_16A_054,2016,21.-22.9,9/21/2015,Z08334,2.3,64,M,,,,NA,NA,,3,1,0,,,
Uts_16A_055,2016,22.-23.9,9/22/2016,Z08335,1.8,57,M,,,,NA,NA,,3,1,0,,,
Uts_16A_056,2016,22.-23.9,9/22/2016,Z08336,2.5,63,M,,,,NA,NA,,NA,1,0,,,
Uts_16A_057,2016,22.-23.9,9/22/2016,Z08337,1.6,56,M,,,,NA,NA,,NA,1,0,,,
Uts_16A_058,2016,22.-23.9,9/22/2016,Z08338,1.7,59,M,,,,NA,NA,,3,1,0,,,
Uts_16A_059,2016,22.-23.9,9/22/2016,Z08339,2,60,M,,,,NA,NA,,3,1,0,,,
Uts_16A_060,2016,22.-23.9,9/22/2016,Z08340,1.4,58,M,,,,NA,NA,,3,1,0,,,
Uts_16A_061,2016,22.-23.9,9/22/2016,Z08341,2,63,M,,,,NA,NA,,3,1,0,,,
Uts_16A_062,2016,22.-23.9,9/22/2016,Z08342,1.5,55,M,,,,NA,NA,,3,1,0,,,
Uts_16A_063,2016,22.-23.9,9/22/2016,Z08343,1.7,58,M,,,,NA,NA,,3,1,0,,,
Uts_16A_064,2016,22.-23.9,9/22/2016,Z08344,5.4,83,F,,,,NA,NA,,NA,NA,0,,,
Uts_16A_065,2016,23.-24.9,9/23/2016,Z08345,1.7,60,M,,,,NA,NA,,3,1,0,,,
Uts_16A_066,2016,23.-24.9,9/23/2016,Z08346,1.7,57,M,,,,NA,NA,,4,1,0,,,
Uts_16A_067,2016,23.-24.9,9/23/2016,Z08347,5.7,83,M,,,,NA,NA,,3,2,0,,,
Uts_16A_068,2016,23.-24.9,9/23/2016,Z08348,2,62,M,,,,NA,NA,,3,1,0,,,
Uts_16A_069,2016,23.-24.9,9/23/2016,Z08349,1.6,57,M,,,,NA,NA,,4,1,0,,,
Uts_16A_070,2016,23.-24.9,9/23/2016,Z08350,2.3,66,M,,,,NA,NA,,3,1,0,,,
Uts_16A_071,2016,23.-24.9,9/23/2016,Z08351,1.5,59,M,,,,NA,NA,,3,1,0,,,
Uts_16A_072,2016,26.-27.9,9/26/2016,Z08352,17,117,M,,,,NA,NA,,3,3,0,,,
Uts_16A_073,2016,26.-27.9,9/26/2016,Z08353,20.8,121,M,,,,NA,NA,,3,3,0,,,
Uts_16A_074,2016,26.-27.9,9/26/2016,Z08354,10.4,103,M,,,,NA,NA,,3,3,1,1S1,,
Uts_16A_075,2016,26.-27.9,9/26/2016,F618,6.5,88,M,,,"recapture Uts_14A_058, F618",NA,2,Uts_14A_058,4,3,1,1S1,,scale age was originally 2 but changed to 3
Uts_16A_076,2016,26.-27.9,9/26/2016,Z08355,2.1,62,M,,,,NA,NA,,3,1,0,,,
Uts_16A_077,2016,26.-27.9,9/26/2016,Z08356,6.3,85,F,,,,NA,NA,,3,2,0,,,
Uts_16A_078,2016,26.-27.9,9/26/2016,Z08357,1.8,57,M,,,,NA,NA,,3,1,0,,,
Uts_16A_079,2016,26.-27.9,9/26/2016,Z08358,3.7,74,M,,,,NA,NA,,3,2,0,,,
Uts_16A_080,2016,26.-27.9,9/26/2016,Z08359,1.8,57,M,,,,NA,NA,,3,1,0,,,
Uts_16A_081,2016,26.-27.9,9/26/2016,Z08360,2.7,62,M,,,,NA,NA,,3,1,0,,,
Uts_16A_082,2016,26.-27.9,9/26/2016,Z08361,2,61,M,,,,NA,NA,,3,1,0,,,
Uts_16A_083,2016,26.-27.9,9/26/2016,Z08362,1.9,59,M,,,,NA,NA,,3,1,0,,,
Uts_16A_084,2016,26.-27.9,9/26/2016,Z08363,2.3,61,M,,,,NA,NA,,3,1,0,,,
Uts_16A_085,2016,26.-27.9,9/26/2016,Z08364,2.2,60,M,,,,NA,NA,,4,1,0,,,
Uts_16A_086,2016,27.-28.9,9/27/2016,Z08365,2,57,M,,,,NA,NA,,3,1,0,,,
Uts_16A_087,2016,27.-28.9,9/27/2016,Z08366,13.5,106,M,,,,NA,NA,,3,3,0,,,
Uts_16A_088,2016,27.-28.9,9/27/2016,Z08367,11.6,102,M,,,"recapture, tag missing",NA,2,Uts_14A_084,3,3,1,1S1,,"seaage says 2 but should be 3, changed"
Uts_16A_089,2016,27.-28.9,9/27/2016,Z08368,2.1,59,M,,,,NA,NA,,3,1,0,,,
Uts_16A_090,2016,27.-28.9,9/27/2016,Z08369,2,58,M,,,,NA,NA,,3,1,0,,,
Uts_16A_091,2016,27.-28.9,9/27/2016,Z08370,6.1,84,F,,,,NA,NA,,3,2,0,,,
Uts_16A_092,2016,27.-28.9,9/27/2016,Z08371,4.5,81,M,,,,NA,NA,,3,2,0,,,
Uts_16A_093,2016,27.-28.9,9/27/2016,Z08372,1.4,55,M,,,,NA,NA,,3,1,0,,,
Uts_16A_094,2016,27.-28.9,9/27/2016,Z08373,1.4,54,M,,,,NA,NA,,3,1,0,,,
Uts_16A_095,2016,27.-28.9,9/27/2016,Z08374,6.8,86,M,,,,NA,NA,,3,2,0,,,
Uts_16A_096,2016,27.-28.9,9/27/2016,Z08375,9.4,97,F,,,,NA,NA,,3,3,0,,,
Uts_16A_097,2016,27.-28.9,9/27/2016,Z08376,1.5,56,M,,,,NA,NA,,4,1,0,,,
Uts_16A_098,2016,27.-28.9,9/27/2016,Z08377,2,63,M,,,,NA,NA,,NA,1,0,,,
Uts_16A_099,2016,27.-28.9,9/27/2016,Z08378,1.8,59,M,,,,NA,NA,,4,1,0,,,
Uts_16A_100,2016,28.-29.9,9/28/2016,Z08379,2,60,M,,,,NA,1,Uts_18A_001,3,1,0,,,
Uts_16A_101,2016,28.-29.9,9/28/2016,Z08380,20.4,126,M,,,,NA,NA,,NA,4,0,,,
Uts_16A_102,2016,28.-29.9,9/28/2016,Z08381,6.5,86,F,,,,NA,NA,,4,2,0,,,
Uts_16A_103,2016,28.-29.9,9/28/2016,Z08382,5,85,M,,,,NA,NA,,3,2,0,,,
Uts_16A_104,2016,28.-29.9,9/28/2016,Z08383,2,59,M,,,,NA,NA,,3,1,0,,,
Uts_16A_105,2016,28.-29.9,9/28/2016,Z08384,5.4,79,F,,,,NA,NA,,3,2,0,,,
Uts_16A_106,2016,28.-29.9,9/28/2016,Z08385,1.6,56,M,,,,NA,NA,,4,1,0,,,
Uts_16A_107,2016,28.-29.9,9/28/2016,Z08386,2,61,M,,,,NA,NA,,3,1,0,,,
Uts_16A_108,2016,28.-29.9,9/28/2016,Z08387,4.7,80,F,,,,NA,NA,,3,2,0,,,
Uts_16A_109,2016,28.-29.9,9/28/2016,F643,7.5,94,M,,,"marked previously, Uts_14A_083",NA,2,Uts_14A_083,3,3,1,1S1,,"seaage says 2 from scale, should be 3"
Uts_16A_110,2016,29.-30.9,9/29/2016,Z08388,1.9,57,M,,,,NA,NA,,3,1,0,,,
Uts_16A_111,2016,29.-30.9,9/29/2016,Z08389,18.2,117,M,,,,NA,NA,,5,3,0,,,
Uts_16A_112,2016,29.-30.9,9/29/2016,Z08390,5.6,81,F,,,,NA,NA,,3,2,0,,,
Uts_16A_113,2016,29.-30.9,9/29/2016,Z08391,8.7,97,M,,,,NA,NA,,3,2,0,,,
Uts_16A_114,2016,4.-5.10,10/4/2016,Z08392,5.9,87,M,,,,NA,NA,,4,NA,0,,,
Uts_16A_115,2016,4.-5.10,10/4/2016,Z08393,5.2,83,F,,,,NA,NA,,3,2,0,,,
Uts_16A_116,2016,4.-5.10,10/4/2016,Z08394,1.8,59,M,,,,NA,NA,,3,1,0,,,
Uts_16A_117,2016,4.-5.10,10/4/2016,Z08395,0.8,50,M,,,,NA,NA,,4,1,0,,,
Uts_17A_001,2017,14.9.2017,9/14/2017,F671,8.8,94,M,,,,NA,NA,,3,2,0,,vain 1 suomu,only one scale
Uts_17A_002,2017,14.9.2017,9/14/2017,F672,13.7,114,F,,,,NA,NA,,4,5,1,3S1,PS (uudellen kutija),repeat spawner
Uts_17A_003,2017,14.9.2017,9/14/2017,F673,2.1,63,M,,,,NA,NA,,3,1,0,,,
Uts_17A_004,2017,14.9.2017,9/14/2017,F674,8,93,M,,,,NA,NA,,3,2,0,,,
Uts_17A_005,2017,14.9.2017,9/14/2017,F675,13.1,101,F,,,,NA,NA,,4,3,0,,,
Uts_17A_006,2017,14.9.2017,9/14/2017,F676,2.3,63,M,,,,NA,NA,,3,1,0,,,
Uts_17A_007,2017,14.9.2017,9/14/2017,F677,10.2,96,F,,,,NA,NA,,4,3,0,,,
Uts_17A_008,2017,14.9.2017,9/14/2017,F678,2.8,69,M,,,,NA,NA,,4,1,0,,,
Uts_17A_009,2017,14.9.2017,9/14/2017,F679,4.4,75,M,,,,NA,NA,,4,2,0,,"kuluneet suomut, ep‰varma meri-ik‰","worn out scales, sea age uncertain"
Uts_17A_010,2017,14.9.2017,9/14/2017,F680,12.2,99,F,,,,NA,NA,,NA,3,0,,ei joki-ik‰‰,no river age
Uts_17A_011,2017,14.9.2017,9/14/2017,F681,3.4,70,M,,,,NA,NA,,NA,1,0,,ei joki-ik‰‰,no river age
Uts_17A_012,2017,14.9.2017,9/14/2017,F682,3.4,69,M,,,,NA,NA,,4,1,0,,,
Uts_17A_013,2017,15.9.2017,9/15/2017,F683,2.2,59,M,,,,NA,NA,,4,1,0,,,
Uts_17A_014,2017,15.9.2017,9/15/2017,F684,2.2,62,M,,,,NA,NA,,3,1,0,,,
Uts_17A_015,2017,15.9.2017,9/15/2017,F685,12,106,M,,,,NA,NA,,4,3,0,,,
Uts_17A_016,2017,18.9.2017,9/18/2017,F686,25,131,M,,,,NA,NA,,3,4,0,,,
Uts_17A_017,2017,18.9.2017,9/18/2017,F687,19.4,128,M,,,,NA,NA,,4,4,0,,,
Uts_17A_018,2017,18.9.2017,9/18/2017,F688,10.4,102,F,,,,NA,NA,,4,3,0,,,
Uts_17A_019,2017,18.9.2017,9/18/2017,F689,2.9,67,M,,,,NA,NA,,4,1,0,,,
Uts_17A_020,2017,18.9.2017,9/18/2017,F690,3.2,70,M,,,,NA,1,Uts_19A_003,3,1,0,,,
Uts_17A_021,2017,18.9.2017,9/18/2017,F691,13,106,M,,,,NA,NA,,3,3,0,,,
Uts_17A_022,2017,18.9.2017,9/18/2017,F692,2.1,60,M,,,,NA,NA,,4,1,0,,,
Uts_17A_023,2017,18.9.2017,9/18/2017,F693,1.8,59,M,,,,NA,NA,,4,1,0,,,
Uts_17A_024,2017,18.9.2017,9/18/2017,F694,3.2,70,M,,,,NA,NA,,4,1,0,,,
Uts_17A_025,2017,19.9.2017,9/19/2017,,2.3,62,M,kuollut,dead,,NA,NA,,4,1,0,,,
Uts_17A_026,2017,19.9.2017,9/19/2017,F695,4.6,80,F,,,,NA,NA,,4,2,0,,,
Uts_17A_027,2017,19.9.2017,9/19/2017,F696,3.1,68,M,,,,NA,NA,,3,1,0,,,
Uts_17A_028,2017,19.9.2017,9/19/2017,F697,9.4,99,M,,,,NA,NA,,4,3,0,,,
Uts_17A_029,2017,19.9.2017,9/19/2017,F698,7.7,89,M,,,,NA,NA,,3,2,0,,,
Uts_17A_030,2017,19.9.2017,9/19/2017,F699,2.6,66,M,,,,NA,NA,,4,1,0,,,
Uts_17A_031,2017,19.9.2017,9/19/2017,F700,10.3,99,F,,,,NA,NA,,NA,3,0,,ei joki-ik‰‰,no river age
Uts_17A_032,2017,19.9.2017,9/19/2017,F201,7.3,90,M,,,,NA,NA,,3,2,0,,,
Uts_17A_033,2017,19.9.2017,9/19/2017,F202,2.1,60,M,,,,NA,NA,,4,1,0,,,
Uts_17A_034,2017,20.9.2017,9/20/2017,F203,3.7,74,M,leikattu rasvaev‰,cut adipose fin,,NA,NA,,4,1,0,,,
Uts_17A_035,2017,20.9.2017,9/20/2017,F204,19.6,123,M,,,,NA,NA,,6,4,0,,,
Uts_17A_036,2017,20.9.2017,9/20/2017,F205,3.2,67,M,"outo rasvaev‰, mahdollisesti leikattu","weird adipose fin, possibly cut",,NA,NA,,3,1,0,,,
Uts_17A_037,2017,20.9.2017,9/20/2017,F206,7.6,90,M,,,,NA,NA,,3,2,0,,,
Uts_17A_038,2017,20.9.2017,9/20/2017,F207,9.5,96,M,liman‰yte puuttuu,no slime sample,,NA,NA,,3,3,0,,,
Uts_17A_039,2017,21.9.2017,9/21/2017,,8.5,95,M,kuollut,dead,,NA,NA,,4,3,0,,,
Uts_17A_040,2017,21.9.2017,9/21/2017,F208,3.6,70,M,,,,NA,NA,,4,2,0,,,
Uts_17A_041,2017,21.9.2017,9/21/2017,F209,2.7,63,M,,,,NA,NA,,5,1,0,,,
Uts_17A_042,2017,21.9.2017,9/21/2017,F210,2.9,64,M,,,,NA,NA,,4,1,0,,,
Uts_17A_043,2017,21.9.2017,9/21/2017,F211,1.4,53,M,,,,NA,NA,,4,1,0,,,
Uts_17A_044,2017,21.9.2017,9/21/2017,F212,15.9,111,M,,,,NA,NA,,4,3,0,,,
Uts_17A_045,2017,21.9.2017,9/21/2017,F213,1.7,59,M,,,,NA,NA,,4,1,0,,,
Uts_17A_046,2017,21.9.2017,9/21/2017,F214,9.4,97,F,,,,NA,NA,,3,3,0,,,
Uts_17A_047,2017,21.9.2017,9/21/2017,F215,2.7,63,M,,,,NA,NA,,4,1,0,,,
Uts_17A_048,2017,21.9.2017,9/21/2017,F216,2.5,61,M,,,,NA,NA,,4,1,0,,,
Uts_17A_049,2017,21.9.2017,9/21/2017,F217,3.1,71,M,,,,NA,NA,,4,1,0,,,
Uts_17A_050,2017,21.9.2017,9/21/2017,F218,17.8,114,M,,,,NA,NA,,3,3,0,,,
Uts_17A_051,2017,21.9.2017,9/21/2017,F219,3.2,70,M,,,,NA,NA,,3,1,0,,,
Uts_17A_052,2017,21.9.2017,9/21/2017,F220,3.6,73,M,,,,NA,NA,,3,1,0,,,
Uts_17A_053,2017,21.9.2017,9/21/2017,F221,3.9,73,M,,,,NA,NA,,4,2,0,,,
Uts_17A_054,2017,21.9.2017,9/21/2017,,1.7,59,M,ei nuolimerkki‰ (karkasi laitettaessa),no mark because it escaped,,NA,NA,,3,1,0,,,
Uts_17A_055,2017,25.9.2017,9/25/2017,F222,2.1,62,M,,,,NA,NA,,3,1,0,,,
Uts_17A_056,2017,25.9.2017,9/25/2017,F223,11.6,103,F,,,,NA,NA,,3,3,0,,,
Uts_17A_057,2017,25.9.2017,9/25/2017,F224,3.8,73,M,,,,NA,NA,,3,2,0,,,
Uts_17A_058,2017,25.9.2017,9/25/2017,F225,2.5,64,M,,,,NA,NA,,3,1,0,,,
Uts_17A_059,2017,25.9.2017,9/25/2017,F226,2.4,62,M,,,,NA,NA,,3,1,0,,,
Uts_17A_060,2017,25.9.2017,9/25/2017,F227,2.3,64,M,,,,NA,NA,,4,1,0,,,
Uts_17A_061,2017,25.9.2017,9/25/2017,F228,2.3,64,M,,,,NA,NA,,NA,1,0,,ei joki-ik‰‰,no river age
Uts_17A_062,2017,25.9.2017,9/25/2017,F229,3,74,M,,,,NA,NA,,3,1,0,,,
Uts_17A_063,2017,25.9.2017,9/25/2017,F230,1.9,60,M,,,,NA,NA,,4,1,0,,,
Uts_17A_064,2017,25.9.2017,9/25/2017,F231,4.8,83,M,,,,NA,NA,,3,3,1,1S1,PS (uudellen kutija),repeat spawner
Uts_17A_065,2017,25.9.2017,9/25/2017,F232,2.2,62,M,,,,NA,NA,,4,1,0,,,
Uts_17A_066,2017,25.9.2017,9/25/2017,F233,10.2,102,F,,,,NA,NA,,3,3,0,,,
Uts_17A_067,2017,25.9.2017,9/25/2017,F234,8.5,96,M,,,,NA,NA,,3,2,0,,,
Uts_17A_068,2017,25.9.2017,9/25/2017,F235,4,83,M,,,,NA,NA,,4,3,1,1S1,PS (uudellen kutija),repeat spawner
Uts_17A_069,2017,25.9.2017,9/25/2017,F236,6.1,88,M,,,,NA,NA,,3,3,1,1S1,PS (uudellen kutija),repeat spawner
Uts_17A_070,2017,25.9.2017,9/25/2017,F237,2.5,66,M,,,,NA,NA,,4,1,0,,,
Uts_17A_071,2017,25.9.2017,9/25/2017,F238,8.3,93,M,,,,NA,NA,,4,3,0,,,
Uts_17A_072,2017,26.9.2017,9/26/2017,F239,5,80,F,,,,NA,NA,,4,2,0,,,
Uts_17A_073,2017,26.9.2017,9/26/2017,F240,8.1,90,F,,,,NA,NA,,4,2,0,,,
Uts_17A_074,2017,26.9.2017,9/26/2017,F241,6.7,87,F,,,,NA,NA,,4,2,0,,,
Uts_17A_075,2017,26.9.2017,9/26/2017,F242,11.4,105,F,"paha kudosvaurio kuonon oikealla yl‰reualla, vasen silm‰ sokea, muuten hyv‰ kunto ja vireys","bad tissue damage on right side of snout, left eye blind",,NA,NA,,3,5,1,3S1,PS (uudellen kutija),repeat spawner
Uts_17A_076,2017,26.9.2017,9/26/2017,F243,3.9,75,M,,,,NA,NA,,3,2,0,,"kuluneet suomut, ep‰varma meri-ik‰","worn out scales, sea age uncertain"
Uts_17A_077,2017,26.9.2017,9/26/2017,F244,7.5,92,F,,,,NA,NA,,3,3,0,,,
Uts_17A_078,2017,27.9.2017,9/27/2017,F245,13.6,110,F,,,,NA,NA,,3,5,1,3S1,PS (uudellen kutija),repeat spawner
Uts_17A_079,2017,27.9.2017,9/27/2017,F246,12.4,109,M,,,,NA,NA,,3,3,0,,,
Uts_17A_080,2017,27.9.2017,9/27/2017,F247,1.7,59,M,,,,NA,NA,,3,1,0,,,
Uts_17A_081,2017,27.9.2017,9/27/2017,F248,3,70,M,,,,NA,NA,,3,1,0,,,
Uts_17A_082,2017,27.9.2017,9/27/2017,F249,3.5,72,M,,,,NA,NA,,NA,1,0,,ei joki-ik‰‰,no river age
Uts_17A_083,2017,28.9.2017,9/28/2017,F250,1.8,60,M,,,,NA,NA,,4,1,0,,,
Uts_17A_084,2017,28.9.2017,9/28/2017,ZO8396,3.5,73,M,,,,NA,NA,,4,1,0,,,
Uts_17A_085,2017,28.9.2017,9/28/2017,ZO8397,15.5,114,M,,,,NA,NA,,4,3,0,,,
Uts_17A_086,2017,1.10.2017,10/1/2017,ZO8398,3.2,73,M,,,,NA,NA,,4,1,0,,,
Uts_17A_087,2017,1.10.2017,10/1/2017,ZO8241,6.3,90,M,edellisten vuosien merkki - uudelleenkutija! ,"marked from previous, Uts_15A_041","tag lost, recpature",NA,2,Uts_15A_052,3,3,1,1S1,PS (uudellen kutija),"disagreement in smolt age between 1 and 2nd recapture, used 1st sample as it is likely less degraded, also says 2S1 but captured 2 years so its 1S1"
Uts_17A_088,2017,1.10.2017,10/1/2017,ZO8256,7.2,94,M,edellisten vuosien merkki - uudelleenkutija! ,"marked from previous, Uts15A_056","tag lost, recpature",NA,2,Uts_15A_056,3,3,1,1S1,PS (uudellen kutija),2S1 but captured 2 years so its 1S1
Uts_17A_089,2017,1.10.2017,10/1/2017,ZO8399,2.3,65,M,,,,NA,NA,,3,1,0,,,
Uts_17A_090,2017,1.10.2017,10/1/2017,,9.7,98,F,kuollut,dead,,1,NA,,3,3,0,,,
Uts_17A_091,2017,2.10.2017,10/2/2017,130.0,2.3,66,M,,,,NA,NA,,3,1,0,,,
Uts_17A_092,2017,2.10.2017,10/2/2017,129.0,1.6,56,M,,,,NA,NA,,4,1,0,,,
Uts_17A_093,2017,2.10.2017,10/2/2017,128.0,14.4,110,M,,,,NA,NA,,NA,3,0,,ei joki-ik‰‰,no river age
Uts_17A_094,2017,2.10.2017,10/2/2017,127.0,2.8,68,M,,,,NA,NA,,4,1,0,,,
Uts_17A_095,2017,2.10.2017,10/2/2017,126.0,1.9,60,M,,,,NA,NA,,4,1,0,,,
Uts_17A_096,2017,4.10.2017,10/4/2017,YL9882,9.8,102,F,kulkutettu! (kyl‰talon niska),drift net at location,,NA,NA,,4,5,1,3S1,PS (uudellen kutija),
Uts_17A_097,2017,4.10.2017,10/4/2017,YL9883,17.6,117,M,kulkutettu! (kyl‰talon niska),drift net at location,,NA,NA,,3,3,0,,"kuluneet suomut, ep‰varma meri-ik‰","worn out scales, sea age uncertain"
Uts_17A_098,2017,5.10.2017,10/5/2017,125.0,7.5,98,F,,,,NA,NA,,NA,3,0,,ei joki-ik‰‰,no river age
Uts_18A_001,2018,13.9.2018,9/13/2018,ZO8379,10.4,101,M,merkki vuodelta 2016!,"marked from previous, Uts_16A_100",,NA,2,Uts_16A_100,3,3,1,1S1,"1S2: Kala merkitty Utsjoessa vuonna 28.-29.9.2016. Pituus merkint‰hetkell‰ 60 cm, paino 2,0 kg.","based on recapture, fw age should be 3, 1S2 is wrong"
Uts_18A_002,2018,13.9.2018,9/13/2018,F868,2.4,64,M,,,,NA,NA,,3,1,0,,,
Uts_18A_003,2018,13.9.2018,9/13/2018,F869,2,61,M,,,,NA,NA,,4,1,0,,,
Uts_18A_004,2018,14.9.2018,9/14/2018,F870,2.1,62,M,ei rasvaev‰‰,no adipose fin,,NA,NA,,3,1,0,,,
Uts_18A_005,2018,15.9.2018,9/15/2018,F871,2,61,M,,,,NA,NA,,3,1,0,,,
Uts_18A_006,2018,15.9.2018,9/15/2018,F872,2.2,64,M,,,,NA,NA,,3,1,0,,,
Uts_18A_007,2018,15.9.2018,9/15/2018,F873,2.6,67,M,,,,NA,NA,,4,1,0,,,
Uts_18A_008,2018,16.9.2018,9/16/2018,F874,2.4,62,M,,,,NA,NA,,4,1,0,,,
Uts_18A_009,2018,16.9.2018,9/16/2018,F875,15.6,115,M,,,,NA,NA,,3,3,0,,,
Uts_18A_010,2018,16.9.2018,9/16/2018,F876,2.5,65,M,,,,NA,NA,,3,1,0,,,
Uts_18A_011,2018,16.9.2018,9/16/2018,F877,2.1,62,M,,,,NA,NA,,3,1,0,,,
Uts_18A_012,2018,16.9.2018,9/16/2018,F878,2.3,62,M,,,,NA,NA,,3,1,0,,,
Uts_18A_013,2018,16.9.2018,9/16/2018,F879,2.6,64,M,,,,NA,NA,,3,1,0,,,
Uts_18A_014,2018,16.9.2018,9/16/2018,F880,2.3,65,M,,,,NA,NA,,4,1,0,,,
Uts_18A_015,2018,16.9.2018,9/16/2018,F881,2.5,66,M,,,,NA,NA,,4,1,0,,,
Uts_18A_016,2018,16.9.2018,9/16/2018,F882,1.9,59,M,,,,NA,NA,,3,1,0,,,
Uts_18A_017,2018,17.9.2018,9/17/2018,F883,2.1,62,M,,,,NA,NA,,3,1,0,,,
Uts_18A_018,2018,17.9.2018,9/17/2018,F884,2.4,63,M,,,,NA,NA,,3,1,0,,,
Uts_18A_019,2018,17.9.2018,9/17/2018,F885,1.9,61,M,,,,NA,NA,,4,1,0,,,
Uts_18A_020,2018,17.9.2018,9/17/2018,F887,4.1,76,M,,,,NA,NA,,NA,NA,0,,kassikala,bag fish
Uts_18A_021,2018,17.9.2018,9/17/2018,F886,2.2,61,F,,,,NA,NA,,3,1,0,,,
Uts_18A_022,2018,17.9.2018,9/17/2018,F888,2.2,64,M,,,,NA,NA,,3,1,0,,,
Uts_18A_023,2018,17.9.2018,9/17/2018,F889,2.7,66,M,,,,NA,NA,,3,1,0,,,
Uts_18A_024,2018,17.9.2018,9/17/2018,F890,2.3,62,M,,,,NA,NA,,3,1,0,,,
Uts_18A_025,2018,17.9.2018,9/17/2018,F891,1.8,60,M,,,,NA,NA,,3,1,0,,,
Uts_18A_026,2018,17.9.2018,9/17/2018,F892,2.2,61,M,,,,NA,NA,,3,1,0,,,
Uts_18A_027,2018,17.9.2018,9/17/2018,F893,1.9,60,M,,,,NA,NA,,3,1,0,,,
Uts_18A_028,2018,17.9.2018,9/17/2018,F894,2.4,63,M,,,,NA,NA,,3,1,0,,,
Uts_18A_029,2018,18.9.2018,9/18/2018,F895,7.2,90,M,,,,NA,NA,,NA,NA,0,,ei suomuja,no scale
Uts_18A_030,2018,18.9.2018,9/18/2018,F896,1.8,58,M,,,,NA,NA,,4,1,0,,,
Uts_18A_031,2018,18.9.2018,9/18/2018,F897,2.2,63,M,,,,NA,NA,,3,1,0,,,
Uts_18A_032,2018,18.9.2018,9/18/2018,F898,2,62,M,,,,NA,NA,,3,1,0,,,
Uts_18A_033,2018,18.9.2018,9/18/2018,F899,2.5,65,M,,,,NA,NA,,3,1,0,,,
Uts_18A_034,2018,18.9.2018,9/18/2018,F900,2.5,65,M,,,,NA,NA,,4,1,0,,"kuluneet suomut, onko 4.1S1+????","worn out scales, 4SW1?"
Uts_18A_035,2018,18.9.2018,9/18/2018,F901,1.5,56,M,,,,NA,NA,,NA,1,0,,reg.,no river age
Uts_18A_036,2018,19.9.2018,9/19/2018,F902,1.6,56,M,,,,NA,NA,,3,1,0,,,
Uts_18A_037,2018,20.9.2018,9/20/2018,F903,2.9,66,M,,,,NA,NA,,NA,1,0,,reg.,no river age
Uts_18A_038,2018,20.9.2018,9/20/2018,F904,10.5,100,F,,,,NA,NA,,3,3,0,,,
Uts_18A_039,2018,20.9.2018,9/20/2018,F905,2,59,M,,,,NA,NA,,4,1,0,,,
Uts_18A_040,2018,20.9.2018,9/20/2018,F906,2,60,M,,,,NA,NA,,3,1,0,,,
Uts_18A_041,2018,20.9.2018,9/20/2018,F907,2.6,67,M,,,,NA,NA,,4,1,0,,,
Uts_18A_042,2018,20.9.2018,9/20/2018,F908,13,110,F,,,,NA,NA,,3,4,0,,,
Uts_18A_043,2018,20.9.2018,9/20/2018,F909,1.3,57,M,,,,NA,NA,,3,1,0,,,
Uts_18A_044,2018,20.9.2018,9/20/2018,F910,2.6,64,M,,,,NA,NA,,3,1,0,,,
Uts_18A_045,2018,21.9.2018,9/21/2018,F911,5.4,80,F,,,,NA,NA,,4,2,0,,,
Uts_18A_046,2018,21.9.2018,9/21/2018,F912,3.6,72,M,,,,NA,NA,,3,1,0,,,
Uts_18A_047,2018,21.9.2018,9/21/2018,F913,3.3,70,M,,,,NA,NA,,4,1,0,,,
Uts_18A_048,2018,21.9.2018,9/21/2018,F914,2.5,64,M,,,,NA,NA,,4,1,0,,,
Uts_18A_049,2018,21.9.2018,9/21/2018,F915,2.6,66,M,,,,NA,NA,,3,1,0,,,
Uts_18A_050,2018,22.9.2018,9/22/2018,F916,2.5,60,M,,,,NA,NA,,3,1,0,,,
Uts_18A_051,2018,22.9.2018,9/22/2018,F917,2.3,62,M,,,,NA,NA,,NA,1,0,,reg.,no river age
Uts_18A_052,2018,22.9.2018,9/22/2018,F918,4,75,M,,,,NA,NA,,4,2,0,,,
Uts_18A_053,2018,22.9.2018,9/22/2018,F919,2.6,66,M,,,,NA,NA,,3,1,0,,,
Uts_18A_054,2018,22.9.2018,9/22/2018,F920,2.7,64,M,,,,NA,NA,,NA,1,0,,reg.,no river age
Uts_18A_055,2018,22.9.2018,9/22/2018,F921,2.5,63,M,,,,NA,NA,,4,1,0,,,
Uts_18A_056,2018,24.9.2018,9/24/2018,F922,1.6,54,M,,,,NA,NA,,3,1,0,,,
Uts_18A_057,2018,24.9.2018,9/24/2018,F923,2.5,64,M,,,,NA,NA,,4,1,0,,,
Uts_18A_058,2018,24.9.2018,9/24/2018,F924,1.7,57,M,,,,NA,NA,,4,1,0,,,
Uts_18A_059,2018,25.9.2018,9/25/2018,F925,14.6,113,M,,,,NA,NA,,4,4,0,,,
Uts_18A_060,2018,25.9.2018,9/25/2018,F926,2.6,73,F,kutenut,spawned,,NA,NA,,4,3,1,1S1,toinen kutureissu,spawning return trip
Uts_18A_061,2018,25.9.2018,9/25/2018,F927,2,60,M,,,,NA,NA,,3,1,0,,,
Uts_18A_062,2018,25.9.2018,9/25/2018,F928,1.8,57,M,,,,NA,NA,,3,1,0,,,
Uts_18A_063,2018,25.9.2018,9/25/2018,F929,2.1,62,M,,,,NA,NA,,4,1,0,,,
Uts_18A_064,2018,25.9.2018,9/25/2018,F930,2,63,M,,,,NA,NA,,3,1,0,,,
Uts_18A_065,2018,25.9.2018,9/25/2018,F931,1.7,54,M,,,,NA,NA,,4,1,0,,,
Uts_18A_066,2018,25.9.2018,9/25/2018,F932,2.3,65,M,,,,NA,NA,,4,1,0,,,
Uts_18A_067,2018,26.9.2018,9/26/2018,F933,2,61,M,,,,NA,NA,,4,1,0,,,
Uts_18A_068,2018,26.9.2018,9/26/2018,F934,2.3,64,M,,,,NA,NA,,4,1,0,,,
Uts_18A_069,2018,26.9.2018,9/26/2018,F935,2,60,M,,,,NA,NA,,3,1,0,,,
Uts_18A_070,2018,26.9.2018,9/26/2018,F936,1.7,57,M,,,,NA,NA,,3,1,0,,,
Uts_18A_071,2018,27.9.2018,9/27/2018,F937,9,96,F,,,,NA,NA,,4,3,0,,,
Uts_18A_072,2018,27.9.2018,9/27/2018,F938,1.8,59,M,,,,NA,NA,,4,1,0,,,
Uts_18A_073,2018,27.9.2018,9/27/2018,F939,2,60,M,,,,NA,NA,,4,1,0,,,
Uts_18A_074,2018,27.9.2018,9/27/2018,F940,2.3,66,M,,,,NA,NA,,3,1,0,,,
Uts_18A_075,2018,27.9.2018,9/27/2018,F941,1.8,58,M,,,,NA,NA,,4,1,0,,,
Uts_18A_076,2018,27.9.2018,9/27/2018,F942,2.4,64,M,,,,NA,NA,,4,1,0,,,
Uts_18A_077,2018,28.9.2018,9/28/2018,F943,2.1,62,M,,,,NA,NA,,4,1,0,,,
Uts_18A_078,2018,28.9.2018,9/28/2018,F944,1.7,60,M,,,,NA,NA,,5,1,0,,,
Uts_18A_079,2018,28.9.2018,9/28/2018,F945,1.5,58,M,,,,NA,NA,,3,1,0,,,
Uts_18A_080,2018,28.9.2018,9/28/2018,F946,10,100,F,,,,NA,NA,,3,3,0,,,
Uts_18A_081,2018,29.9.2018,9/29/2018,F947,1.8,63,M,,,,NA,NA,,5,1,0,,,
Uts_18A_082,2018,29.9.2018,9/29/2018,F948,1.8,64,M,,,,NA,NA,,3,1,0,,,
Uts_18A_083,2018,29.9.2018,9/29/2018,F949,1.6,60,M,,,,NA,NA,,3,1,0,,,
Uts_18A_084,2018,29.9.2018,9/29/2018,F950,1.7,60,M,,,,NA,NA,,3,1,0,,,
Uts_18A_085,2018,29.9.2018,9/29/2018,F951,1.6,60,M,,,,NA,NA,,4,1,0,,,
Uts_18A_086,2018,29.9.2018,9/29/2018,F952,1.4,61,M,,,,NA,NA,,4,1,0,,,
Uts_18A_087,2018,29.9.2018,9/29/2018,F953,1.1,55,M,,,,NA,NA,,3,1,0,,,
Uts_18A_088,2018,29.9.2018,9/29/2018,F954,7,78,F,,,,NA,NA,,4,2,0,,,
Uts_18A_089,2018,30.9.2018,9/30/2018,F955,1.8,65,M,,,,NA,NA,,4,1,0,,,
Uts_18A_090,2018,30.9.2018,9/30/2018,F956,1.4,58,M,,,,NA,NA,,4,1,0,,,
Uts_18A_091,2018,30.9.2018,9/30/2018,F957,2,64,M,,,,NA,NA,,5,1,0,,,
Uts_18A_092,2018,30.9.2018,9/30/2018,F958,1.9,60,M,,,,NA,NA,,4,1,0,,,
Uts_18A_093,2018,30.9.2018,9/30/2018,F959,2.1,62,M,,,,NA,NA,,NA,1,0,,reg.,
Uts_18A_094,2018,30.9.2018,9/30/2018,F960,2.3,64,M,,,,NA,NA,,4,1,0,,,
Uts_18A_095,2018,1.10.2018,10/1/2018,F961,2.8,65,M,,,,NA,NA,,4,1,0,,,
Uts_18A_096,2018,1.10.2018,10/1/2018,F962,10.2,98,F,,,,NA,NA,,3,3,0,,,
Uts_18A_097,2018,1.10.2018,10/1/2018,F963,2.2,65,M,,,,NA,NA,,5,1,0,,,
Uts_18A_098,2018,1.10.2018,10/1/2018,F964,1.9,62,M,,,,NA,NA,,4,1,0,,,
Uts_18A_099,2018,1.10.2018,10/1/2018,F965,1.3,56,M,,,,NA,NA,,5,1,0,,,
Uts_18A_100,2018,1.10.2018,10/1/2018,F967,1.2,52,F,F966 -merkki kateissa,F966 tag missing,,NA,NA,,4,1,0,,,
Uts_18A_101,2018,2.10.2018,10/2/2018,F968,1.7,55,M,,,,NA,NA,,4,1,0,,,
Uts_18A_102,2018,2.10.2018,10/2/2018,F969,2,57,M,,,,NA,NA,,4,1,0,,,
Uts_18A_103,2018,2.10.2018,10/2/2018,F970,2.2,62,M,,,,NA,NA,,4,1,0,,,
Uts_18A_104,2018,2.10.2018,10/2/2018,F971,2.1,60,M,,,,NA,NA,,3,1,0,,,
Uts_18A_105,2018,2.10.2018,10/2/2018,F972,2,60,M,F972 ja F973 mahdollisesti sekoittuneet kesken‰‰n,possibly switched,,NA,NA,,4,1,0,,,
Uts_18A_106,2018,2.10.2018,10/2/2018,F973,1.8,58,M,F972 ja F973 mahdollisesti sekoittuneet kesken‰‰n,possibly switched,,NA,NA,,5,1,0,,,
Uts_18A_107,2018,2.10.2018,10/2/2018,F974,2,59,M,,,,NA,NA,,4,1,0,,,
Uts_18A_108,2018,2.10.2018,10/2/2018,F975,2.2,61,M,,,,NA,NA,,4,1,0,,,
Uts_18A_109,2018,2.10.2018,10/2/2018,F976,1.8,59,M,,,,NA,NA,,NA,1,0,,reg.,
Uts_18A_110,2018,2.10.2018,10/2/2018,F977,2.8,65,M,,,,NA,NA,,4,1,0,,,
Uts_18A_111,2018,3.10.2018,10/3/2018,F978,2,58,M,,,,NA,NA,,3,1,0,,,
Uts_18A_112,2018,3.10.2018,10/3/2018,F979,2,60,M,,,,NA,NA,,4,1,0,,,
Uts_18A_113,2018,3.10.2018,10/3/2018,F980,2,60,M,,,,NA,NA,,3,1,0,,,
Uts_18A_114,2018,3.10.2018,10/3/2018,F981,2.3,61,M,,,,NA,NA,,4,1,0,,,
Uts_18A_115,2018,3.10.2018,10/3/2018,F982,1.9,57,M,,,,NA,NA,,3,1,0,,,
Uts_18A_116,2018,3.10.2018,10/3/2018,F983,2.2,60,M,,,,NA,NA,,3,1,0,,,
Uts_18A_117,2018,3.10.2018,10/3/2018,F984,11.4,102,F,,,,NA,NA,,4,3,0,,,
Uts_18A_118,2018,3.10.2018,10/3/2018,F985,1.7,57,M,,,,NA,NA,,4,1,0,,,
Uts_18A_119,2018,3.10.2018,10/3/2018,F986,7.1,90,F,,,,NA,NA,,3,2,0,,,
Uts_18A_120,2018,3.10.2018,10/3/2018,F987,2.2,60,M,,,,NA,NA,,4,1,0,,,
Uts_18A_121,2018,3.10.2018,10/3/2018,F988,2,61,M,,,,NA,NA,,NA,1,0,,reg.,
Uts_18A_122,2018,3.10.2018,10/3/2018,F989,2,61,M,,,,NA,NA,,4,1,0,,,
Uts_19A_01,2019,13.9.2019,9/13/2019,F301,1.8,62,M,,,,NA,NA,,3,1,0,,,
Uts_19A_02,2019,13.9.2019,9/13/2019,F302,3.1,68,M,,,,NA,NA,,3,1,0,,,
Uts_19A_03,2019,13.9.2019,9/13/2019,F690,11.2,102,M,"Merkitty 2017, Kuoli verkkoon","marked, 2017, died in net","previously marked, Uts17A_020",NA,2,Uts_17A_020,3,3,1,,"kova merikasvu, vrt. koko/ik‰","high growth at sea, compare size vs age, seaage should be 3 based on resample"
Uts_19A_04,2019,13.9.2019,9/13/2019,F303,3.8,74,M,,,,NA,NA,,3,2,0,,,
Uts_19A_05,2019,14.9.2019,9/14/2019,F304,12.2,102,F,,,,NA,NA,,3,3,0,,,
Uts_19A_06,2019,14.9.2019,9/14/2019,F305,3.4,66,M,,,,NA,NA,,3,1,0,,,
Uts_19A_07,2019,15.9.2019,9/15/2019,F306,13.6,111,M,,,,NA,NA,,3,3,0,,,
Uts_19A_08,2019,15.9.2019,9/15/2019,F307,11.5,98,M,,,,NA,NA,,4,3,0,,,
Uts_19A_09,2019,15.9.2019,9/15/2019,F308,19.3,119,M,,,,NA,NA,,3,NA,0,,"ei meri-ik‰‰, suomut pahasti kuluneet",no sea age because badly worn out scales
Uts_19A_10,2019,9/20/2019,9/20/2019,F309,9.2,96,M,,,,NA,NA,,4,3,0,,,
Uts_19A_11,2019,9/20/2019,9/20/2019,F310,5,78,F,,,,NA,NA,,3,2,0,,,
Uts_19A_12,2019,9/23/2019,9/23/2019,F311,8,87,M,,,,NA,NA,,3,2,0,,,
Uts_19A_13,2019,9/23/2019,9/23/2019,F312,5.7,81,F,,,,NA,NA,,3,2,0,,,
Uts_19A_14,2019,9/23/2019,9/23/2019,F313,4.5,76,M,,,,NA,NA,,3,2,0,,,
Uts_19A_15,2019,9/23/2019,9/23/2019,F314,1.7,58,M,,,,NA,NA,,4,1,0,,,
Uts_19A_16,2019,9/24/2019,9/24/2019,F315,11.9,102,M,ei rasvaev‰‰,no adipose fin,,NA,NA,,4,3,0,,,
Uts_19A_17,2019,9/24/2019,9/24/2019,F316,2,60,M,,,,NA,NA,,4,1,0,,,
Uts_19A_18,2019,9/24/2019,9/24/2019,F317,2.5,64,M,,,,NA,NA,,3,1,0,,,
Uts_19A_19,2019,9/24/2019,9/24/2019,F318,27.4,135,M,,,,NA,NA,,4,4,0,,,
Uts_19A_20,2019,9/25/2019,9/25/2019,F319,7,88,M,,,,NA,NA,,3,2,0,,,
Uts_19A_21,2019,9/26/2019,9/26/2019,F320,2.8,65,M,,,,NA,NA,,4,1,0,,,
Uts_19A_22,2019,9/26/2019,9/26/2019,F321,2.6,63,M,,,,NA,NA,,4,1,0,,,
Uts_19A_23,2019,9/27/2019,9/27/2019,F322,2.2,62,M,,,,NA,NA,,4,1,0,,,
Uts_19A_24,2019,9/27/2019,9/27/2019,F323,2.4,64,M,,,,NA,NA,,3,1,0,,,
Uts_19A_25,2019,9/27/2019,9/27/2019,F324,15,111,F,,,,NA,NA,,3,3,0,,,
Uts_19A_26,2019,9/27/2019,9/27/2019,F325,17.9,117,M,,,,NA,NA,,NA,NA,0,,"vain 3 suomua, kaikki reg.",only 3 scales
Uts_19A_27,2019,9/27/2019,9/27/2019,F326,2.4,64,M,,,,NA,NA,,3,1,0,,,
Uts_19A_28,2019,9/28/2019,9/28/2019,F327,15.5,104,M,,,,NA,NA,,3,NA,1,,"varma kutu, meri-ik‰ ep‰varma. Pahasti kuluneet suomut. SW 2-3S1+????","certain respawn, badly worn out scales"
Uts_19A_29,2019,9/28/2019,9/28/2019,F328,1.6,57,M,,,,NA,NA,,3,1,0,,,
Uts_19A_30,2019,10/1/2019,10/1/2019,F329,5.8,82,F,,,,NA,NA,,4,2,0,,,
Uts_19A_31,2019,10/1/2019,10/1/2019,F330,5.4,77,F,,,,NA,NA,,5,2,0,,,
Uts_19A_32,2019,10/1/2019,10/1/2019,F331,8,90,F,,,,NA,NA,,3,2,0,,,
Uts_19A_33,2019,10/1/2019,10/1/2019,F332,3.8,71,M,,,,NA,NA,,4,1,0,,,
Uts_19A_34,2019,10/3/2019,10/3/2019,F333,6.4,88,F,ei rasvaev‰‰,no adipose fin,,NA,NA,,4,2,0,,,
Uts_19A_35,2019,10/3/2019,10/3/2019,F334,6.2,86,M,,,,NA,NA,,4,2,0,,,
Uts_19A_36,2019,10/3/2019,10/3/2019,F335,8.5,100,F,,,,NA,NA,,NA,NA,NA,,Pussi puuttuu,scale bag missing
