"","sex","ID","year","date","date.fix","tag.ID","wt.kg","length.cm","condition","notes.fi","notes.en","notes.KM","dead","recapture","match.ID","Scale.smoltage","scale.seaage","InterpAge","Respawner","respawner.info","notes.FI","notes.ENG"
"1","F","Uts_11A_22",2011,"9/27/2011","9/27/2011","F835",5.7,83,-0.542230929844439,NA,NA,NA,NA,NA,NA,3,2,2,0,NA,NA,NA
"2","F","Uts_11A_28",2011,"9/28/2011","9/28/2011","F841",11.9,99,1.87472789381864,NA,NA,NA,NA,NA,NA,4,3,3,0,NA,NA,NA
"3","F","Uts_11A_29",2011,"9/28/2011","9/28/2011","F842",10.3,100,0.0382878202975796,NA,NA,NA,NA,NA,NA,3,3,3,0,NA,NA,NA
"4","F","Uts_11A_37",2011,"9/29/2011","9/29/2011","F850",13.5,114,-0.0718732089972285,NA,NA,NA,NA,NA,NA,3,5,5,1,30,NA,NA
"5","F","Uts_11A_39",2011,"9/30/2011","9/30/2011","F852",14.3,109,1.91032715860806,NA,NA,NA,NA,NA,NA,3,4,4,0,NA,NA,NA
"6","F","Uts_11A_52",2011,"10/3/2011","10/3/2011","F864",9.7,98,-0.0888320326603065,NA,NA,NA,NA,NA,NA,3,3,3,0,NA,NA,NA
"7","F","Uts_11A_53",2011,"10/3/2011","10/3/2011","F866",7.3,92,-1.07019159153396,NA,NA,NA,NA,NA,NA,3,3,3,0,NA,NA,NA
"8","F","Uts_12A_003",2012,"9/16/2012","9/16/2012","F153",4.9,81,-0.869350782802327,NA,NA,NA,NA,NA,NA,4,3,3,1,10,NA,NA
"9","F","Uts_12A_004",2012,"9/16/2012","9/16/2012","F154",7,90,-0.897311444491844,NA,NA,NA,NA,NA,NA,5,2,2,0,NA,NA,NA
"10","F","Uts_12A_018",2012,"9/25/2012","9/25/2012","F168",15,111,2.13744701156595,NA,NA,NA,NA,NA,NA,4,5,5,1,30,NA,NA
"11","F","Uts_12A_019",2012,"9/25/2012","9/25/2012","F169",5.7,84,-0.778671003365498,NA,NA,NA,NA,NA,NA,3,2,2,0,NA,NA,NA
"12","F","Uts_12A_021",2012,"9/25/2012","9/25/2012","F171",4,76,-0.587150415197037,NA,NA,NA,NA,NA,NA,3,2,2,0,NA,NA,NA
"13","F","Uts_12A_027",2012,"9/27/2012","9/27/2012","F176",1.5,57,1.40521098170306,NA,NA,NA,NA,NA,NA,4,1,1,0,NA,NA,NA
"14","F","Uts_12A_030",2012,"9/28/2012","9/28/2012","F179",7.2,92,-1.17019159153396,NA,NA,NA,NA,NA,NA,3,2,2,0,NA,NA,NA
"15","F","Uts_13A_004",2013,"17.-18.9.2013","9/17/2013","F504",9.8,102,-0.934592326744536,NA,NA,NA,NA,NA,NA,3,3,3,0,NA,NA,NA
"16","F","Uts_13A_008",2013,"17.-18.9.2013","9/17/2013","F508",1.4,56,1.54165105522412,NA,NA,NA,NA,NA,NA,5,1,1,0,NA,NA,NA
"17","F","Uts_13A_012",2013,"19.-20.9.2013","9/19/2013","F512",2,58,1.668770908182,NA,"dead",NA,1,NA,NA,NA,NA,1,NA,NA,NA,NA
"18","F","Uts_13A_033",2013,"26.-27.9.2013","9/26/2013","F533",8.9,95,-0.179511812097131,NA,NA,NA,NA,NA,NA,3,3,3,0,NA,NA,NA
"19","F","Uts_13A_037",2013,"29.-30.9.2013","9/29/2013","F537",8.8,97,-0.752391959139249,NA,NA,NA,NA,NA,NA,4,3,3,0,NA,NA,NA
"20","F","Uts_13A_039",2013,"29.-30.9.2013","9/29/2013","F539",5.7,84,-0.778671003365498,NA,NA,NA,NA,NA,NA,4,2,2,0,NA,NA,NA
"21","F","Uts_13A_044",2013,"29.-30.9.2013","9/29/2013","F544",4.9,82,-1.10579085632338,NA,NA,NA,NA,NA,NA,NA,2,2,0,NA,NA,NA
"22","F","Uts_13A_045",2013,"29.-30.9.2013","9/29/2013","F545",3.5,83,-2.74223092984444,NA,NA,NA,NA,NA,NA,NA,2,2,0,NA,NA,NA
"23","F","Uts_13A_047",2013,"29.-30.9.2013","9/29/2013","F547",9.6,96,0.284048114381809,NA,NA,NA,NA,NA,NA,3,3,3,1,10,NA,NA
"24","F","Uts_13A_058",2013,"2.-3.10.2013","10/2/2013","F558",6.8,86,-0.151551150407614,NA,NA,NA,NA,NA,NA,4,2,2,0,NA,NA,NA
"25","F","Uts_13A_059",2013,"2.-3.10.2013","10/2/2013","F559",4.8,77,-0.0235904887180967,NA,NA,NA,NA,NA,NA,5,2,2,0,NA,NA,NA
"26","F","Uts_13A_065",2013,"4.-5.10.2013","10/4/2013","F565",16.9,114,3.32812679100277,NA,NA,NA,NA,NA,NA,3,5,5,1,30,NA,NA
"27","F","Uts_13A_066",2013,"4.-5.10.2013","10/4/2013","F566",5.3,83,-0.942230929844439,NA,NA,NA,NA,NA,NA,4,2,2,0,NA,NA,NA
"28","F","Uts_14A_018",2014,"17-20.9","9/17/2014","F578",7.1,86,0.148448849592386,"kirkas, respawn","MSW","silvery",NA,NA,NA,NA,NA,2,0,NA,NA,NA
"29","F","Uts_14A_024",2014,"17-20.9","9/17/2014","F584",12.1,103,1.12896759973441,NA,"MSW",NA,NA,NA,NA,4,3,3,0,NA,NA,NA
"30","F","Uts_14A_050",2014,"22.-23.9","9/22/2014","F610",5.6,82,-0.405790856323383,NA,"MSW",NA,NA,NA,NA,3,2,2,0,NA,NA,NA
"31","F","Uts_14A_063",2014,"23.-24.9","9/23/2014","F623",7.1,91,-1.0337515180129,NA,"MSW",NA,NA,NA,NA,4,2,2,0,NA,NA,NA
"32","F","Uts_14A_066",2014,"24.-25.9","9/24/2014","F626",6.7,86,-0.251551150407614,NA,"MSW",NA,NA,NA,NA,4,2,2,0,NA,NA,NA
"33","F","Uts_14A_100",2014,"1.-2.10","10/1/2014","F660",5,80,-0.532910709281268,NA,"MSW",NA,NA,NA,NA,3,2,2,0,NA,NA,NA
"34","F","Uts_14A_107",2014,"2.-3.10","10/2/2014","F667",5,80,-0.532910709281268,NA,"MSW",NA,NA,NA,NA,3,2,2,0,NA,NA,NA
"35","F","Uts_14A_108",2014,"2.-3.10","10/2/2014","F668",5.7,84,-0.778671003365498,NA,"MSW",NA,NA,NA,NA,4,2,2,0,NA,NA,NA
"36","F","Uts_15A_010",2015,"14-15.9","9/14/2015","Z08209",5.5,85,-1.21511107688656,NA,NA,NA,NA,NA,NA,4,2,2,0,NA,NA,NA
"37","F","Uts_15A_011",2015,"14-15.9","9/14/2015","Z08210",7.8,91,-0.3337515180129,NA,NA,NA,NA,NA,NA,4,3,3,0,NA,NA,NA
"38","F","Uts_15A_021",2015,"16.-17.9","9/16/2015","Z08220",1,49,2.79673156987152,NA,NA,NA,NA,NA,NA,NA,NA,1,0,NA,NA,NA
"39","F","Uts_15A_026",2015,"17.-18.9","9/17/2015","Z08225",5.6,81,-0.169350782802328,NA,NA,NA,NA,NA,NA,3,2,2,0,NA,NA,NA
"40","F","Uts_15A_030",2015,"21.-22.9","9/21/2015","Z08229",11.6,103,0.628967599734407,NA,NA,NA,NA,NA,NA,4,4,4,1,20,NA,NA
"41","F","Uts_15A_040",2015,"23.-24.9","9/23/2015","Z08239",5.9,82,-0.105790856323383,NA,NA,NA,NA,NA,NA,NA,2,2,0,NA,NA,NA
"42","F","Uts_15A_054",2015,"28.-29.9","9/28/2015","Z08254",6.7,85,-0.0151110768865577,NA,NA,NA,NA,NA,NA,4,2,2,0,NA,NA,NA
"43","F","Uts_15A_055",2015,"28.-29.9","9/28/2015","Z08255",11.5,101,1.00184774677652,NA,NA,NA,NA,NA,NA,NA,4,4,1,20,NA,NA
"44","F","Uts_15A_062",2015,"28.-29.9","9/28/2015","Z08262",6.9,90,-0.997311444491844,NA,NA,NA,NA,NA,NA,3,2,2,0,NA,NA,NA
"45","F","Uts_15A_066",2015,"31.9-1.10","9/30/2015","Z08266",13.1,111,0.237447011565946,NA,"sept 31st?!",NA,NA,NA,NA,4,5,5,1,30,NA,NA
"46","F","Uts_15A_067",2015,"31.9-1.10","9/30/2015","Z08267",9.6,95,0.520488187902869,NA,NA,NA,NA,NA,NA,4,3,3,0,NA,NA,NA
"47","F","Uts_15A_077",2015,"2.-3.10","10/2/2015","Z08277",5.1,78,0.0399694377608473,NA,NA,NA,NA,NA,NA,4,2,2,0,NA,NA,NA
"48","F","Uts_15A_078",2015,"2.-3.10","10/2/2015","Z08278",3.5,72,-0.141390121112806,NA,NA,NA,NA,NA,NA,4,2,2,0,NA,NA,NA
"49","F","Uts_16A_036",2016,"19.-20.9","9/19/2016","Z08318",5.6,81,-0.169350782802328,NA,NA,NA,NA,NA,NA,3,2,2,0,NA,NA,NA
"50","F","Uts_16A_037",2016,"19.-20.9","9/19/2016","Z08319",9.4,97,-0.15239195913925,NA,NA,NA,NA,NA,NA,3,3,3,0,NA,NA,NA
"51","F","Uts_16A_043",2016,"20.-21.9","9/20/2016","Z08325",6.3,83,0.0577690701555609,NA,NA,NA,NA,NA,NA,3,2,2,0,NA,NA,NA
"52","F","Uts_16A_048",2016,"20.-21.9","9/20/2016","Z08328",6.2,84,-0.278671003365498,NA,NA,NA,NA,NA,NA,3,2,2,0,NA,NA,NA
"53","F","Uts_16A_050",2016,"21.-22.9","9/21/2015","Z08330",9.3,99,-0.725272106181361,NA,NA,NA,NA,NA,NA,NA,3,3,0,NA,NA,NA
"54","F","Uts_16A_064",2016,"22.-23.9","9/22/2016","Z08344",5.4,83,-0.842230929844439,NA,NA,NA,NA,NA,NA,NA,NA,2,0,NA,NA,NA
"55","F","Uts_16A_077",2016,"26.-27.9","9/26/2016","Z08356",6.3,85,-0.415111076886558,NA,NA,NA,NA,NA,NA,3,2,2,0,NA,NA,NA
"56","F","Uts_16A_091",2016,"27.-28.9","9/27/2016","Z08370",6.1,84,-0.378671003365499,NA,NA,NA,NA,NA,NA,3,2,2,0,NA,NA,NA
"57","F","Uts_16A_096",2016,"27.-28.9","9/27/2016","Z08375",9.4,97,-0.15239195913925,NA,NA,NA,NA,NA,NA,3,3,3,0,NA,NA,NA
"58","F","Uts_16A_102",2016,"28.-29.9","9/28/2016","Z08381",6.5,86,-0.451551150407614,NA,NA,NA,NA,NA,NA,4,2,2,0,NA,NA,NA
"59","F","Uts_16A_105",2016,"28.-29.9","9/28/2016","Z08384",5.4,79,0.103529364239792,NA,NA,NA,NA,NA,NA,3,2,2,0,NA,NA,NA
"60","F","Uts_16A_108",2016,"28.-29.9","9/28/2016","Z08387",4.7,80,-0.832910709281268,NA,NA,NA,NA,NA,NA,3,2,2,0,NA,NA,NA
"61","F","Uts_16A_112",2016,"29.-30.9","9/29/2016","Z08390",5.6,81,-0.169350782802328,NA,NA,NA,NA,NA,NA,3,2,2,0,NA,NA,NA
"62","F","Uts_16A_115",2016,"4.-5.10","10/4/2016","Z08393",5.2,83,-1.04223092984444,NA,NA,NA,NA,NA,NA,3,2,2,0,NA,NA,NA
"63","F","Uts_17A_002",2017,"14.9.2017","9/14/2017","F672",13.7,114,0.128126791002771,NA,NA,NA,NA,NA,NA,4,5,5,1,30,"PS (uudellen kutija)","repeat spawner"
"64","F","Uts_17A_005",2017,"14.9.2017","9/14/2017","F675",13.1,101,2.60184774677652,NA,NA,NA,NA,NA,NA,4,3,3,0,NA,NA,NA
"65","F","Uts_17A_007",2017,"14.9.2017","9/14/2017","F677",10.2,96,0.884048114381809,NA,NA,NA,NA,NA,NA,4,3,3,0,NA,NA,NA
"66","F","Uts_17A_010",2017,"14.9.2017","9/14/2017","F680",12.2,99,2.17472789381864,NA,NA,NA,NA,NA,NA,NA,3,3,0,NA,"ei joki-ik‰‰","no river age"
"67","F","Uts_17A_018",2017,"18.9.2017","9/18/2017","F688",10.4,102,-0.334592326744536,NA,NA,NA,NA,NA,NA,4,3,3,0,NA,NA,NA
"68","F","Uts_17A_026",2017,"19.9.2017","9/19/2017","F695",4.6,80,-0.932910709281268,NA,NA,NA,NA,NA,NA,4,2,2,0,NA,NA,NA
"69","F","Uts_17A_031",2017,"19.9.2017","9/19/2017","F700",10.3,99,0.274727893818639,NA,NA,NA,NA,NA,NA,NA,3,3,0,NA,"ei joki-ik‰‰","no river age"
"70","F","Uts_17A_046",2017,"21.9.2017","9/21/2017","F214",9.4,97,-0.15239195913925,NA,NA,NA,NA,NA,NA,3,3,3,0,NA,NA,NA
"71","F","Uts_17A_056",2017,"25.9.2017","9/25/2017","F223",11.6,103,0.628967599734407,NA,NA,NA,NA,NA,NA,3,3,3,0,NA,NA,NA
"72","F","Uts_17A_066",2017,"25.9.2017","9/25/2017","F233",10.2,102,-0.534592326744537,NA,NA,NA,NA,NA,NA,3,3,3,0,NA,NA,NA
"73","F","Uts_17A_072",2017,"26.9.2017","9/26/2017","F239",5,80,-0.532910709281268,NA,NA,NA,NA,NA,NA,4,2,2,0,NA,NA,NA
"74","F","Uts_17A_073",2017,"26.9.2017","9/26/2017","F240",8.1,90,0.202688555508155,NA,NA,NA,NA,NA,NA,4,2,2,0,NA,NA,NA
"75","F","Uts_17A_074",2017,"26.9.2017","9/26/2017","F241",6.7,87,-0.487991223928669,NA,NA,NA,NA,NA,NA,4,2,2,0,NA,NA,NA
"76","F","Uts_17A_075",2017,"26.9.2017","9/26/2017","F242",11.4,105,-0.0439125473077109,"paha kudosvaurio kuonon oikealla yl‰reualla, vasen silm‰ sokea, muuten hyv‰ kunto ja vireys","bad tissue damage on right side of snout, left eye blind",NA,NA,NA,NA,3,5,5,1,30,"PS (uudellen kutija)","repeat spawner"
"77","F","Uts_17A_077",2017,"26.9.2017","9/26/2017","F244",7.5,92,-0.87019159153396,NA,NA,NA,NA,NA,NA,3,3,3,0,NA,NA,NA
"78","F","Uts_17A_078",2017,"27.9.2017","9/27/2017","F245",13.6,110,0.973887085087002,NA,NA,NA,NA,NA,NA,3,5,5,1,30,"PS (uudellen kutija)","repeat spawner"
"79","F","Uts_17A_090",2017,"1.10.2017","10/1/2017",NA,9.7,98,-0.0888320326603065,"kuollut","dead",NA,1,NA,NA,3,3,3,0,NA,NA,NA
"80","F","Uts_17A_096",2017,"4.10.2017","10/4/2017","YL9882",9.8,102,-0.934592326744536,"kulkutettu! (kyl‰talon niska)","drift net at location",NA,NA,NA,NA,4,5,5,1,30,"PS (uudellen kutija)",NA
"81","F","Uts_17A_098",2017,"5.10.2017","10/5/2017","125.0",7.5,98,-2.28883203266031,NA,NA,NA,NA,NA,NA,NA,3,3,0,NA,"ei joki-ik‰‰","no river age"
"82","F","Uts_18A_021",2018,"17.9.2018","9/17/2018","F886",2.2,61,1.15945068761883,NA,NA,NA,NA,NA,NA,3,1,1,0,NA,NA,NA
"83","F","Uts_18A_038",2018,"20.9.2018","9/20/2018","F904",10.5,100,0.238287820297579,NA,NA,NA,NA,NA,NA,3,3,3,0,NA,NA,NA
"84","F","Uts_18A_042",2018,"20.9.2018","9/20/2018","F908",13,110,0.373887085087002,NA,NA,NA,NA,NA,NA,3,4,4,0,NA,NA,NA
"85","F","Uts_18A_045",2018,"21.9.2018","9/21/2018","F911",5.4,80,-0.132910709281267,NA,NA,NA,NA,NA,NA,4,2,2,0,NA,NA,NA
"86","F","Uts_18A_060",2018,"25.9.2018","9/25/2018","F926",2.6,73,-1.27783019463387,"kutenut","spawned",NA,NA,NA,NA,4,3,3,1,10,"toinen kutureissu","spawning return trip"
"87","F","Uts_18A_071",2018,"27.9.2018","9/27/2018","F937",9,96,-0.31595188561819,NA,NA,NA,NA,NA,NA,4,3,3,0,NA,NA,NA
"88","F","Uts_18A_080",2018,"28.9.2018","9/28/2018","F946",10,100,-0.261712179702421,NA,NA,NA,NA,NA,NA,3,3,3,0,NA,NA,NA
"89","F","Uts_18A_088",2018,"29.9.2018","9/29/2018","F954",7,78,1.93996943776085,NA,NA,NA,NA,NA,NA,4,2,2,0,NA,NA,NA
"90","F","Uts_18A_096",2018,"1.10.2018","10/1/2018","F962",10.2,98,0.411167967339694,NA,NA,NA,NA,NA,NA,3,3,3,0,NA,NA,NA
"91","F","Uts_18A_100",2018,"1.10.2018","10/1/2018","F967",1.2,52,2.28741134930835,"F966 -merkki kateissa","F966 tag missing",NA,NA,NA,NA,4,1,1,0,NA,NA,NA
"92","F","Uts_18A_117",2018,"3.10.2018","10/3/2018","F984",11.4,102,0.665407673255464,NA,NA,NA,NA,NA,NA,4,3,3,0,NA,NA,NA
"93","F","Uts_18A_119",2018,"3.10.2018","10/3/2018","F986",7.1,90,-0.797311444491845,NA,NA,NA,NA,NA,NA,3,2,2,0,NA,NA,NA
"94","M","Uts_11A_01",2011,"9/20/2011","9/20/2011","F814",2.5,64,-0.000864315980361852,NA,NA,NA,NA,NA,NA,4,1,1,0,NA,NA,NA
"95","M","Uts_11A_02",2011,"9/20/2011","9/20/2011","F815",2.4,65,-0.325311126390212,NA,NA,NA,NA,NA,NA,NA,1,1,0,NA,NA,NA
"96","M","Uts_11A_03",2011,"9/20/2011","9/20/2011","F816",3.5,75,-1.4697792304887,NA,NA,NA,NA,NA,NA,4,2,2,0,NA,NA,NA
"97","M","Uts_11A_04",2011,"9/20/2011","9/20/2011","F817",7.3,90,-1.03648138663645,NA,NA,NA,NA,NA,NA,4,2,2,0,NA,NA,NA
"98","M","Uts_11A_05",2011,"9/21/2011","9/21/2011","F818",1.4,54,1.14360378811813,NA,NA,NA,NA,NA,NA,3,1,1,0,NA,NA,NA
"99","M","Uts_11A_06",2011,"9/21/2011","9/21/2011","F819",7.2,89,-0.912034576226595,NA,NA,NA,NA,NA,NA,4,2,2,0,NA,NA,NA
"100","M","Uts_11A_07",2011,"9/21/2011","9/21/2011","F820",11,107,-1.15207716360388,NA,NA,NA,NA,NA,NA,NA,3,3,0,NA,NA,NA
"101","M","Uts_11A_08",2011,"9/22/2011","9/22/2011","F821",1.65,59,0.271369736068885,NA,NA,NA,NA,NA,NA,4,1,1,0,NA,NA,NA
"102","M","Uts_11A_09",2011,"9/22/2011","9/22/2011","F822",2.6,66,-0.349757936800061,NA,NA,NA,NA,NA,NA,4,1,1,0,NA,NA,NA
"103","M","Uts_11A_10",2011,"9/22/2011","9/22/2011","F823",1.85,60,0.246922925659036,NA,NA,NA,NA,NA,NA,4,1,1,0,NA,NA,NA
"104","M","Uts_11A_11",2011,"9/22/2011","9/22/2011","F824",2,62,-0.0519706951606622,NA,NA,NA,NA,NA,NA,3,1,1,0,NA,NA,NA
"105","M","Uts_11A_12",2011,"9/22/2011","9/22/2011","F825",2.4,64,-0.100864315980362,NA,NA,NA,NA,NA,NA,4,1,1,0,NA,NA,NA
"106","M","Uts_11A_13",2011,"9/23/2011","9/23/2011","F826",2.2,65,-0.525311126390211,NA,NA,NA,NA,NA,NA,3,1,1,0,NA,NA,NA
"107","M","Uts_11A_14",2011,"9/23/2011","9/23/2011","F827",5.5,85,-1.7142473345872,NA,NA,NA,NA,NA,NA,3,2,2,0,NA,NA,NA
"108","M","Uts_11A_15",2011,"9/23/2011","9/23/2011","F828",2.4,64,-0.100864315980362,NA,NA,NA,NA,NA,NA,4,1,1,0,NA,NA,NA
"109","M","Uts_11A_16",2011,"9/23/2011","9/23/2011","F829",3.1,70,-0.747545178439457,NA,NA,NA,NA,NA,NA,3,2,2,0,NA,NA,NA
"110","M","Uts_11A_17",2011,"9/23/2011","9/23/2011","F830",8.8,97,-1.10760905950539,NA,NA,NA,NA,NA,NA,3,3,3,0,NA,NA,NA
"111","M","Uts_11A_18",2011,"9/26/2011","9/26/2011","F831",2.5,64,-0.000864315980361852,NA,NA,NA,NA,NA,NA,4,1,1,0,NA,NA,NA
"112","M","Uts_11A_19",2011,"9/26/2011","9/26/2011","F832",2.7,67,-0.474204747209909,NA,NA,NA,NA,NA,NA,4,1,1,0,NA,NA,NA
"113","M","Uts_11A_20",2011,"9/26/2011","9/26/2011","F833",2.7,67,-0.474204747209909,NA,NA,NA,NA,NA,NA,3,1,1,0,NA,NA,NA
"114","M","Uts_11A_21",2011,"9/27/2011","9/27/2011","F834",2.1,62,0.0480293048393379,NA,NA,NA,NA,NA,NA,3,1,1,0,NA,NA,NA
"115","M","Uts_11A_23",2011,"9/28/2011","9/28/2011","F836",1.7,59,0.321369736068885,NA,NA,NA,NA,NA,NA,3,1,1,0,NA,NA,NA
"116","M","Uts_11A_24",2011,"9/28/2011","9/28/2011","F837",2.4,65,-0.325311126390212,NA,NA,NA,NA,NA,NA,4,1,1,0,NA,NA,NA
"117","M","Uts_11A_25",2011,"9/28/2011","9/28/2011","F838",2,61,0.172476115249186,NA,NA,NA,NA,NA,NA,4,1,1,0,NA,NA,NA
"118","M","Uts_11A_26",2011,"9/28/2011","9/28/2011","F839",2.9,70,-0.947545178439457,NA,NA,NA,NA,NA,NA,4,1,1,0,NA,NA,NA
"119","M","Uts_11A_27",2011,"9/28/2011","9/28/2011","F840",2.5,66,-0.449757936800061,NA,NA,NA,NA,NA,NA,3,1,1,0,NA,NA,NA
"120","M","Uts_11A_30",2011,"9/28/2011","9/28/2011","F843",1.5,56,0.794710167298433,NA,NA,NA,NA,NA,NA,3,1,1,0,NA,NA,NA
"121","M","Uts_11A_31",2011,"9/28/2011","9/28/2011","F844",2,62,-0.0519706951606622,NA,NA,NA,NA,NA,NA,4,1,1,0,NA,NA,NA
"122","M","Uts_11A_32",2011,"9/28/2011","9/28/2011","F845",2.2,64,-0.300864315980362,NA,NA,NA,NA,NA,NA,3,1,1,0,NA,NA,NA
"123","M","Uts_11A_33",2011,"9/28/2011","9/28/2011","F846",2,60,0.396922925659036,NA,NA,NA,NA,NA,NA,4,1,1,0,NA,NA,NA
"124","M","Uts_11A_34",2011,"9/28/2011","9/28/2011","F847",1.9,59,0.521369736068885,NA,NA,NA,NA,NA,NA,4,1,1,0,NA,NA,NA
"125","M","Uts_11A_35",2011,"9/29/2011","9/29/2011","F848",2.3,66,-0.649757936800062,NA,NA,NA,NA,NA,NA,4,1,1,0,NA,NA,NA
"126","M","Uts_11A_36",2011,"9/29/2011","9/29/2011","F849",12.6,116,-1.57209845729253,NA,NA,NA,NA,NA,NA,NA,3,3,0,NA,NA,NA
"127","M","Uts_11A_38",2011,"9/30/2011","9/30/2011","F851",2.3,62,0.248029304839338,NA,NA,NA,NA,NA,NA,4,1,1,0,NA,NA,NA
"128","M","Uts_11A_40",2011,"9/30/2011","9/30/2011","F853",19.75,117,5.35345473229762,NA,NA,NA,NA,NA,NA,NA,4,4,0,NA,NA,NA
"129","M","Uts_11A_41",2011,"10/2/2011","10/2/2011","F854",2,61,0.172476115249186,NA,NA,NA,NA,NA,NA,3,1,1,0,NA,NA,NA
"130","M","Uts_11A_42",2011,"10/2/2011","10/2/2011","F855",2.4,64,-0.100864315980362,NA,NA,"recaptured later",NA,1,"Uts_13A_054",4,1,1,0,NA,NA,NA
"131","M","Uts_11A_43",2011,"10/2/2011","10/2/2011","F856",2.4,64,-0.100864315980362,NA,NA,NA,NA,NA,NA,3,1,1,0,NA,NA,NA
"132","M","Uts_11A_44",2011,"10/2/2011","10/2/2011","F857",1.9,60,0.296922925659036,NA,NA,NA,NA,NA,NA,4,1,1,0,NA,NA,NA
"133","M","Uts_11A_45",2011,"10/2/2011","10/2/2011","F858",1.5,55,1.01915697770828,NA,NA,NA,NA,NA,NA,3,1,1,0,NA,NA,NA
"134","M","Uts_11A_46",2011,"10/2/2011","10/2/2011","F859",1.9,59,0.521369736068885,NA,NA,NA,NA,NA,NA,3,1,1,0,NA,NA,NA
"135","M","Uts_11A_47",2011,"10/2/2011","10/2/2011","F860",2.6,66,-0.349757936800061,NA,NA,NA,NA,NA,NA,4,1,1,0,NA,NA,NA
"136","M","Uts_11A_48",2011,"10/3/2011","10/3/2011","F861",1.7,59,0.321369736068885,NA,NA,NA,NA,NA,NA,5,1,1,0,NA,NA,NA
"137","M","Uts_11A_49",2011,"10/3/2011","10/3/2011","F862",1.9,59,0.521369736068885,NA,NA,NA,NA,NA,NA,4,1,1,0,NA,NA,NA
"138","M","Uts_11A_50",2011,"10/3/2011","10/3/2011","F863",2.5,64,-0.000864315980361852,NA,NA,NA,NA,NA,NA,3,1,1,0,NA,NA,NA
"139","M","Uts_11A_51",2011,"10/3/2011","10/3/2011","F865",2.7,67,-0.474204747209909,NA,NA,NA,NA,NA,NA,3,1,1,0,NA,NA,NA
"140","M","Uts_11A_54",2011,"10/3/2011","10/3/2011","F867",1.5,57,0.570263356888583,NA,NA,NA,NA,NA,NA,3,1,1,0,NA,NA,NA
"141","M","Uts_12A_001",2012,"9/16/2012","9/16/2012","F151",3.1,69,-0.523098368029609,NA,NA,NA,NA,NA,NA,5,2,2,0,NA,NA,NA
"142","M","Uts_12A_002",2012,"9/16/2012","9/16/2012","F152",3.9,75,-1.0697792304887,NA,NA,NA,NA,NA,NA,4,2,2,0,NA,NA,NA
"143","M","Uts_12A_005",2012,"9/18/2012","9/18/2012","F155",15.5,117,1.10345473229762,NA,NA,NA,NA,NA,NA,NA,4,4,0,NA,NA,NA
"144","M","Uts_12A_006",2012,"9/18/2012","9/18/2012","F156",1.8,62,-0.251970695160662,NA,NA,NA,NA,NA,NA,4,1,1,0,NA,NA,NA
"145","M","Uts_12A_007",2012,"9/19/2012","9/19/2012","F157",11.5,102,0.470156888445363,NA,NA,NA,NA,NA,NA,4,3,3,0,NA,NA,NA
"146","M","Uts_12A_008",2012,"9/19/2012","9/19/2012","F158",2.1,63,-0.176417505570512,NA,NA,NA,NA,NA,NA,3,1,1,0,NA,NA,NA
"147","M","Uts_12A_009",2012,"9/19/2012","9/19/2012","F159",1.9,63,-0.376417505570512,NA,NA,NA,NA,NA,NA,4,1,1,0,NA,NA,NA
"148","M","Uts_12A_010",2012,"9/19/2012","9/19/2012","F160",2,60,0.396922925659036,NA,NA,NA,NA,NA,NA,NA,1,1,0,NA,NA,NA
"149","M","Uts_12A_011",2012,"9/20/2012","9/20/2012","F161",2.5,65,-0.225311126390212,NA,NA,NA,NA,NA,NA,5,1,1,0,NA,NA,NA
"150","M","Uts_12A_012",2012,"9/20/2012","9/20/2012","F162",1.9,59,0.521369736068885,NA,NA,NA,NA,NA,NA,4,1,1,0,NA,NA,NA
"151","M","Uts_12A_013",2012,"9/24/2012","9/24/2012","F163",2.9,66,-0.0497579368000616,NA,NA,NA,NA,NA,NA,5,1,1,0,NA,NA,NA
"152","M","Uts_12A_014",2012,"9/24/2012","9/24/2012","F164",2.6,67,-0.574204747209909,NA,NA,NA,NA,NA,NA,4,1,1,0,NA,NA,NA
"153","M","Uts_12A_015",2012,"9/24/2012","9/24/2012","F165",2.9,68,-0.498651557619759,NA,NA,NA,NA,NA,NA,4,1,1,0,NA,NA,NA
"154","M","Uts_12A_016",2012,"9/24/2012","9/24/2012","F166",3,71,-1.07199198884931,NA,NA,NA,NA,NA,NA,4,1,1,0,NA,NA,NA
"155","M","Uts_12A_017",2012,"9/25/2012","9/25/2012","F167",17,117,2.60345473229762,NA,NA,NA,NA,NA,NA,3,3,3,0,NA,NA,NA
"156","M","Uts_12A_020",2012,"9/25/2012","9/25/2012","F170",1.9,59,0.521369736068885,NA,NA,NA,NA,NA,NA,4,1,1,0,NA,NA,NA
"157","M","Uts_12A_022",2012,"9/25/2012","9/25/2012","F172",2.5,66,-0.449757936800061,NA,NA,NA,NA,NA,NA,5,1,1,0,NA,NA,NA
"158","M","Uts_12A_023",2012,"9/25/2012","9/25/2012","F173",2.5,67,-0.67420474720991,NA,NA,NA,NA,NA,NA,3,1,1,0,NA,NA,NA
"159","M","Uts_12A_024",2012,"9/27/2012","9/27/2012",NA,18.5,123,2.75677386983853,NA,"dead",NA,1,NA,NA,NA,NA,4,NA,NA,NA,NA
"160","M","Uts_12A_025",2012,"9/27/2012","9/27/2012","F174",2.9,69,-0.723098368029609,NA,NA,NA,NA,NA,NA,5,1,1,0,NA,NA,NA
"161","M","Uts_12A_026",2012,"9/27/2012","9/27/2012","F175",2.6,68,-0.798651557619759,NA,NA,NA,NA,NA,NA,4,1,1,0,NA,NA,NA
"162","M","Uts_12A_028",2012,"9/28/2012","9/28/2012","F177",2.3,63,0.0235824944294878,NA,NA,NA,NA,NA,NA,4,1,1,0,NA,NA,NA
"163","M","Uts_12A_029",2012,"9/28/2012","9/28/2012","F178",2.8,66,-0.149757936800062,NA,NA,NA,NA,NA,NA,3,1,1,0,NA,NA,NA
"164","M","Uts_12A_031",2012,"10/1/2012","10/1/2012","F180",1.4,57,0.470263356888583,NA,NA,NA,NA,NA,NA,4,1,1,0,NA,NA,NA
"165","M","Uts_12A_032",2012,"10/1/2012","10/1/2012","F181",2.4,66,-0.549757936800062,NA,NA,NA,NA,NA,NA,3,1,1,0,NA,NA,NA
"166","M","Uts_12A_033",2012,"10/1/2012","10/1/2012","F182",9.8,102,-1.22984311155464,NA,"dead",NA,1,NA,NA,NA,NA,3,NA,NA,NA,NA
"167","M","Uts_12A_034",2012,"10/1/2012","10/1/2012","F183",6.5,91,-2.06092819704629,NA,NA,NA,NA,NA,NA,3,2,2,0,NA,NA,NA
"168","M","Uts_12A_035",2012,"10/2/2012","10/2/2012","F184",3,70,-0.847545178439457,NA,NA,NA,NA,NA,NA,4,1,1,0,NA,NA,NA
"169","M","Uts_12A_036",2012,"10/2/2012","10/2/2012","F185",8.4,96,-1.28316224909554,NA,NA,NA,NA,NA,NA,3,3,3,1,10,NA,NA
"170","M","Uts_13A_001",2013,"17.-18.9.2013","9/17/2013","F501",2.2,63,-0.0764175055705119,NA,NA,NA,NA,NA,NA,4,1,1,0,NA,NA,NA
"171","M","Uts_13A_002",2013,"17.-18.9.2013","9/17/2013","F502",1.7,57,0.770263356888583,NA,NA,NA,NA,NA,NA,4,1,1,0,NA,NA,NA
"172","M","Uts_13A_003",2013,"17.-18.9.2013","9/17/2013","F503",2,62,-0.0519706951606622,NA,NA,NA,NA,NA,NA,4,1,1,0,NA,NA,NA
"173","M","Uts_13A_005",2013,"17.-18.9.2013","9/17/2013","F505",2.2,63,-0.0764175055705119,NA,NA,NA,NA,NA,NA,4,1,1,0,NA,NA,NA
"174","M","Uts_13A_006",2013,"17.-18.9.2013","9/17/2013","F506",1.5,57,0.570263356888583,NA,NA,NA,NA,NA,NA,4,1,1,0,NA,NA,NA
"175","M","Uts_13A_007",2013,"17.-18.9.2013","9/17/2013","F507",1.8,58,0.645816546478734,NA,NA,NA,NA,NA,NA,4,1,1,0,NA,NA,NA
"176","M","Uts_13A_009",2013,"18.-19.9.2013","9/18/2013","F509",2.9,68,-0.498651557619759,NA,NA,NA,NA,NA,NA,4,1,1,0,NA,NA,NA
"177","M","Uts_13A_010",2013,"19.-20.9.2013","9/19/2013","F510",2.4,63,0.123582494429488,NA,NA,NA,NA,NA,NA,4,1,1,0,NA,NA,NA
"178","M","Uts_13A_011",2013,"19.-20.9.2013","9/19/2013","F511",2,60,0.396922925659036,NA,NA,NA,NA,NA,NA,3,1,1,0,NA,NA,NA
"179","M","Uts_13A_013",2013,"20.-21.9.2013","9/20/2013","F513",12,111,-1.04986440524328,NA,NA,NA,NA,NA,NA,NA,3,3,0,NA,NA,NA
"180","M","Uts_13A_014",2013,"20.-21.9.2013","9/20/2013","F514",1.8,57,0.870263356888583,NA,NA,NA,NA,NA,NA,5,1,1,0,NA,NA,NA
"181","M","Uts_13A_015",2013,"20.-21.9.2013","9/20/2013","F515",3.1,67,-0.0742047472099094,NA,NA,NA,NA,NA,NA,4,1,1,0,NA,NA,NA
"182","M","Uts_13A_016",2013,"20.-21.9.2013","9/20/2013","F516",1.9,59,0.521369736068885,NA,NA,NA,NA,NA,NA,4,1,1,0,NA,NA,NA
"183","M","Uts_13A_017",2013,"23.-24.9.2013","9/23/2013","F517",2,60,0.396922925659036,NA,NA,NA,NA,NA,NA,4,1,1,0,NA,NA,NA
"184","M","Uts_13A_018",2013,"23.-24.9.2013","9/23/2013","F518",1.5,55,1.01915697770828,NA,NA,NA,NA,NA,NA,5,1,1,0,NA,NA,NA
"185","M","Uts_13A_019",2013,"23.-24.9.2013","9/23/2013","F519",1.8,58,0.645816546478734,NA,NA,NA,NA,NA,NA,4,1,1,0,NA,NA,NA
"186","M","Uts_13A_020",2013,"23.-24.9.2013","9/23/2013","F520",1.6,58,0.445816546478734,NA,NA,NA,NA,NA,NA,4,1,1,0,NA,NA,NA
"187","M","Uts_13A_021",2013,"23.-24.9.2013","9/23/2013","F521",1.9,59,0.521369736068885,NA,NA,NA,NA,NA,NA,4,1,1,0,NA,NA,NA
"188","M","Uts_13A_022",2013,"23.-24.9.2013","9/23/2013","F522",2.1,62,0.0480293048393379,NA,NA,NA,NA,NA,NA,4,1,1,0,NA,NA,NA
"189","M","Uts_13A_023",2013,"24.-25.9.2013","9/24/2013","F523",8.9,98,-1.23205586991524,NA,NA,NA,NA,NA,NA,4,3,3,0,NA,NA,NA
"190","M","Uts_13A_024",2013,"24.-25.9.2013","9/24/2013","F524",9.5,100,-1.08094949073494,NA,NA,NA,NA,NA,NA,NA,3,3,0,NA,NA,NA
"191","M","Uts_13A_025",2013,"24.-25.9.2013","9/24/2013","F525",1.9,60,0.296922925659036,NA,NA,NA,NA,NA,NA,3,1,1,0,NA,NA,NA
"192","M","Uts_13A_026",2013,"25.-26.9.2013","9/25/2013","F526",1.8,60,0.196922925659036,NA,NA,NA,NA,NA,NA,3,1,1,0,NA,NA,NA
"193","M","Uts_13A_027",2013,"25.-26.9.2013","9/25/2013","F527",1.7,59,0.321369736068885,NA,NA,NA,NA,NA,NA,4,1,1,0,NA,NA,NA
"194","M","Uts_13A_028",2013,"25.-26.9.2013","9/25/2013","F528",6.6,87,-1.0631409554069,NA,NA,NA,NA,NA,NA,4,2,2,0,NA,NA,NA
"195","M","Uts_13A_029",2013,"26.-27.9.2013","9/26/2013","F529",8.1,93,-0.909821817865994,NA,NA,NA,NA,NA,NA,4,3,3,1,10,NA,NA
"196","M","Uts_13A_030",2013,"26.-27.9.2013","9/26/2013","F530",1.9,59,0.521369736068885,NA,NA,NA,NA,NA,NA,4,1,1,0,NA,NA,NA
"197","M","Uts_13A_031",2013,"26.-27.9.2013","9/26/2013","F531",2.1,61,0.272476115249186,NA,NA,NA,NA,NA,NA,4,1,1,0,NA,NA,NA
"198","M","Uts_13A_032",2013,"26.-27.9.2013","9/26/2013","F532",1.6,57,0.670263356888583,NA,NA,NA,NA,NA,NA,5,1,1,0,NA,NA,NA
"199","M","Uts_13A_034",2013,"26.-27.9.2013","9/26/2013","F534",7,94,-2.23426862827584,NA,NA,NA,NA,NA,NA,4,2,2,0,NA,NA,NA
"200","M","Uts_13A_035",2013,"29.-30.9.2013","9/29/2013","F535",2.2,61,0.372476115249186,NA,NA,NA,NA,NA,NA,NA,1,1,0,NA,NA,NA
"201","M","Uts_13A_036",2013,"29.-30.9.2013","9/29/2013","F536",2,59,0.621369736068885,NA,NA,NA,NA,NA,NA,4,1,1,0,NA,NA,NA
"202","M","Uts_13A_038",2013,"29.-30.9.2013","9/29/2013","F538",10.4,101,-0.405396301144789,NA,NA,NA,NA,NA,NA,3,3,3,1,10,NA,NA
"203","M","Uts_13A_040",2013,"29.-30.9.2013","9/29/2013","F540",1.6,54,1.34360378811813,NA,NA,NA,NA,NA,NA,NA,1,1,0,NA,NA,NA
"204","M","Uts_13A_041",2013,"29.-30.9.2013","9/29/2013","F541",2.4,64,-0.100864315980362,NA,NA,NA,NA,NA,NA,5,1,1,0,NA,NA,NA
"205","M","Uts_13A_042",2013,"29.-30.9.2013","9/29/2013","F542",2.4,62,0.348029304839338,NA,NA,NA,NA,NA,NA,4,1,1,0,NA,NA,NA
"206","M","Uts_13A_043",2013,"29.-30.9.2013","9/29/2013","F543",9.3,102,-1.72984311155464,NA,NA,NA,NA,NA,NA,NA,3,3,0,NA,NA,NA
"207","M","Uts_13A_046",2013,"29.-30.9.2013","9/29/2013","F546",1.8,58,0.645816546478734,NA,NA,NA,NA,NA,NA,4,1,1,0,NA,NA,NA
"208","M","Uts_13A_048",2013,"30.9-1.10.2013","9/30/2013","F548",2.4,64,-0.100864315980362,NA,NA,NA,NA,NA,NA,4,1,1,0,NA,NA,NA
"209","M","Uts_13A_049",2013,"30.9-1.10.2013","9/30/2013","F549",2.1,61,0.272476115249186,NA,NA,NA,NA,NA,NA,4,1,1,0,NA,NA,NA
"210","M","Uts_13A_050",2013,"30.9-1.10.2013","9/30/2013","F550",2,61,0.172476115249186,NA,NA,NA,NA,NA,NA,4,1,1,0,NA,NA,NA
"211","M","Uts_13A_051",2013,"30.9-1.10.2013","9/30/2013","F551",2.1,60,0.496922925659036,NA,NA,NA,NA,NA,NA,4,1,1,0,NA,NA,NA
"212","M","Uts_13A_052",2013,"30.9-1.10.2013","9/30/2013","F552",1.7,58,0.545816546478733,NA,NA,NA,NA,NA,NA,4,1,1,0,NA,NA,NA
"213","M","Uts_13A_053",2013,"1.-2.10.2013","10/1/2013","F553",8.5,94,-0.734268628275842,NA,NA,NA,NA,NA,NA,NA,3,3,0,NA,NA,NA
"214","M","Uts_13A_054",2013,"1.-2.10.2013","10/1/2013","F554",10.8,101,-0.0053963011447884,NA,NA,"recapture, tag lost",NA,2,"Uts_11A_042",4,3,3,1,NA,NA,"smoltage from Uts_11A_042, not originally noted as a respawner"
"215","M","Uts_13A_055",2013,"1.-2.10.2013","10/1/2013","F555",2.3,63,0.0235824944294878,NA,NA,NA,NA,NA,NA,4,1,1,0,NA,NA,NA
"216","M","Uts_13A_056",2013,"1.-2.10.2013","10/1/2013","F556",1.6,55,1.11915697770828,NA,NA,NA,NA,NA,NA,4,1,1,0,NA,NA,NA
"217","M","Uts_13A_057",2013,"1.-2.10.2013","10/1/2013","F557",1.9,61,0.0724761152491857,NA,NA,NA,NA,NA,NA,4,1,1,0,NA,NA,NA
"218","M","Uts_13A_060",2013,"2.-3.10.2013","10/2/2013","F560",1.7,56,0.994710167298433,NA,NA,NA,NA,NA,NA,4,1,1,0,NA,NA,NA
"219","M","Uts_13A_061",2013,"2.-3.10.2013","10/2/2013","F561",2.6,64,0.0991356840196382,NA,NA,NA,NA,NA,NA,4,3,3,1,10,NA,NA
"220","M","Uts_13A_062",2013,"2.-3.10.2013","10/2/2013","F562",1.2,52,1.39249740893783,NA,NA,NA,NA,NA,NA,4,1,1,0,NA,NA,NA
"221","M","Uts_13A_063",2013,"3.-4.10.2013","10/3/2013","F563",2.4,63,0.123582494429488,NA,NA,NA,NA,NA,NA,4,1,1,0,NA,NA,NA
"222","M","Uts_13A_064",2013,"3.-4.10.2013","10/3/2013","F564",1.6,56,0.894710167298433,NA,NA,NA,NA,NA,NA,NA,1,1,0,NA,NA,NA
"223","M","Uts_13A_067",2013,"4.-5.10.2013","10/4/2013","F567",2.6,61,0.772476115249186,NA,NA,NA,NA,NA,NA,4,1,1,0,NA,NA,NA
"224","M","Uts_14A_001",2014,"15-16.9","9/15/2014",NA,2.3,67,-0.87420474720991,NA,NA,NA,NA,NA,NA,3,1,1,0,NA,NA,NA
"225","M","Uts_14A_002",2014,"15-16.9","9/15/2014",NA,4,76,-1.19422604089855,NA,"MSW",NA,NA,NA,NA,3,2,2,0,NA,NA,NA
"226","M","Uts_14A_003",2014,"15-16.9","9/15/2014",NA,2.4,66,-0.549757936800062,NA,NA,NA,NA,NA,NA,3,1,1,0,NA,NA,NA
"227","M","Uts_14A_004",2014,"15-16.9","9/15/2014",NA,2.6,63,0.323582494429488,NA,NA,NA,NA,NA,NA,3,1,1,0,NA,NA,NA
"228","M","Uts_14A_005",2014,"15-16.9","9/15/2014",NA,3.2,70,-0.647545178439457,NA,"MSW",NA,NA,NA,NA,NA,1,1,0,NA,NA,NA
"229","M","Uts_14A_006",2014,"15-16.9","9/15/2014",NA,1.9,63,-0.376417505570512,NA,NA,NA,NA,NA,NA,5,1,1,0,NA,NA,NA
"230","M","Uts_14A_007",2014,"15-16.9","9/15/2014",NA,2.6,65,-0.125311126390212,NA,NA,NA,NA,NA,NA,4,1,1,0,NA,NA,NA
"231","M","Uts_14A_008",2014,"15-16.9","9/15/2014","F568",2.7,66,-0.249757936800061,NA,NA,NA,NA,NA,NA,4,1,1,0,NA,NA,NA
"232","M","Uts_14A_009",2014,"15-16.9","9/15/2014","F569",3.1,69,-0.523098368029609,NA,NA,NA,NA,NA,NA,5,1,1,0,NA,NA,NA
"233","M","Uts_14A_010",2014,"15-16.9","9/15/2014","F570",2.8,65,0.0746888736097882,NA,NA,NA,NA,NA,NA,4,1,1,0,NA,NA,NA
"234","M","Uts_14A_011",2014,"15-16.9","9/15/2014","F571",2.5,64,-0.000864315980361852,NA,NA,NA,NA,NA,NA,3,1,1,0,NA,NA,NA
"235","M","Uts_14A_012",2014,"15-16.9","9/15/2014","F572",4.4,84,-2.58980052417735,NA,"MSW",NA,NA,NA,NA,3,2,2,0,NA,NA,NA
"236","M","Uts_14A_013",2014,"15-16.9","9/15/2014","F573",2.2,62,0.148029304839338,NA,NA,NA,NA,NA,NA,4,1,1,0,NA,NA,NA
"237","M","Uts_14A_014",2014,"15-16.9","9/15/2014","F574",2.6,68,-0.798651557619759,NA,NA,NA,NA,NA,NA,4,1,1,0,NA,NA,NA
"238","M","Uts_14A_015",2014,"17-20.9","9/17/2014","F575",2.4,65,-0.325311126390212,NA,NA,NA,NA,NA,NA,3,1,1,0,NA,NA,NA
"239","M","Uts_14A_016",2014,"17-20.9","9/17/2014","F576",3.4,70,-0.447545178439457,"kirkas","MSW","silvery",NA,NA,NA,3,1,1,0,NA,NA,NA
"240","M","Uts_14A_017",2014,"17-20.9","9/17/2014","F577",2.3,62,0.248029304839338,"kirkas",NA,"silvery",NA,NA,NA,3,1,1,0,NA,NA,NA
"241","M","Uts_14A_019",2014,"17-20.9","9/17/2014","F579",2.4,66,-0.549757936800062,NA,NA,NA,NA,NA,NA,3,1,1,0,NA,NA,NA
"242","M","Uts_14A_020",2014,"17-20.9","9/17/2014","F580",4.8,85,-2.4142473345872,NA,"MSW",NA,NA,NA,NA,3,2,2,0,NA,NA,NA
"243","M","Uts_14A_021",2014,"17-20.9","9/17/2014","F581",3.4,71,-0.671991988849307,NA,"MSW",NA,NA,NA,NA,3,1,1,0,NA,NA,NA
"244","M","Uts_14A_022",2014,"17-20.9","9/17/2014","F582",9,99,-1.35650268032509,NA,"MSW",NA,NA,NA,NA,3,2,2,0,NA,NA,NA
"245","M","Uts_14A_023",2014,"17-20.9","9/17/2014","F583",2.7,70,-1.14754517843946,NA,NA,NA,NA,NA,NA,4,1,1,0,NA,NA,NA
"246","M","Uts_14A_025",2014,"17-20.9","9/17/2014","F585",2.8,68,-0.59865155761976,NA,NA,NA,NA,NA,NA,3,1,1,0,NA,NA,NA
"247","M","Uts_14A_026",2014,"17-20.9","9/17/2014","F586",3.8,71,-0.271991988849307,NA,"MSW",NA,NA,NA,NA,3,2,2,0,NA,NA,NA
"248","M","Uts_14A_027",2014,"17-20.9","9/17/2014","F587",7.2,91,-1.36092819704629,NA,"MSW",NA,NA,NA,NA,3,3,3,0,NA,NA,NA
"249","M","Uts_14A_028",2014,"17-20.9","9/17/2014","F588",3,65,0.274688873609788,"kirkas",NA,"silvery",NA,NA,NA,4,1,1,0,NA,NA,NA
"250","M","Uts_14A_029",2014,"17-20.9","9/17/2014","F589",3,68,-0.398651557619759,NA,NA,NA,NA,NA,NA,3,1,1,0,NA,NA,NA
"251","M","Uts_14A_030",2014,"17-20.9","9/17/2014","F590",2.4,64,-0.100864315980362,NA,NA,NA,NA,NA,NA,3,1,1,0,NA,NA,NA
"252","M","Uts_14A_031",2014,"17-20.9","9/17/2014","F591",2.9,70,-0.947545178439457,NA,NA,NA,NA,NA,NA,3,1,1,0,NA,NA,NA
"253","M","Uts_14A_032",2014,"17-20.9","9/17/2014","F592",2,61,0.172476115249186,NA,NA,NA,NA,NA,NA,4,1,1,0,NA,NA,NA
"254","M","Uts_14A_033",2014,"17-20.9","9/17/2014","F593",3.5,71,-0.571991988849307,NA,"MSW",NA,NA,NA,NA,3,2,2,0,NA,NA,NA
"255","M","Uts_14A_034",2014,"17-20.9","9/17/2014","F594",2.7,66,-0.249757936800061,NA,NA,NA,NA,NA,NA,3,1,1,0,NA,NA,NA
"256","M","Uts_14A_035",2014,"17-20.9","9/17/2014","F595",2.2,62,0.148029304839338,NA,NA,NA,NA,NA,NA,3,1,1,0,NA,NA,NA
"257","M","Uts_14A_036",2014,"17-20.9","9/17/2014","F596",2.5,67,-0.67420474720991,NA,NA,NA,NA,NA,NA,3,1,1,0,NA,NA,NA
"258","M","Uts_14A_037",2014,"17-20.9","9/17/2014","F597",2.3,64,-0.200864315980362,NA,NA,NA,NA,NA,NA,3,1,1,0,NA,NA,NA
"259","M","Uts_14A_038",2014,"17-20.9","9/17/2014","F598",2.5,67,-0.67420474720991,NA,NA,NA,NA,NA,NA,3,1,1,0,NA,NA,NA
"260","M","Uts_14A_039",2014,"17-20.9","9/17/2014","F599",2.8,66,-0.149757936800062,NA,NA,NA,NA,NA,NA,4,1,1,0,NA,NA,NA
"261","M","Uts_14A_040",2014,"17-20.9","9/17/2014","F600",2.8,67,-0.37420474720991,NA,NA,NA,NA,NA,NA,4,1,1,0,NA,NA,NA
"262","M","Uts_14A_041",2014,"19-20.9","9/19/2014","F601",2.7,69,-0.923098368029609,NA,NA,NA,NA,NA,NA,NA,1,1,0,NA,NA,NA
"263","M","Uts_14A_042",2014,"19-20.9","9/19/2014","F602",2,61,0.172476115249186,NA,NA,NA,NA,NA,NA,4,1,1,0,NA,NA,NA
"264","M","Uts_14A_043",2014,"19-20.9","9/19/2014","F603",2.3,65,-0.425311126390212,NA,NA,NA,NA,NA,NA,3,1,1,0,NA,NA,NA
"265","M","Uts_14A_044",2014,"19-20.9","9/19/2014","F604",1.8,60,0.196922925659036,NA,NA,NA,NA,NA,NA,3,1,1,0,NA,NA,NA
"266","M","Uts_14A_045",2014,"19-20.9","9/19/2014","F605",6,86,-1.43869414499705,NA,"MSW",NA,NA,NA,NA,4,2,2,0,NA,NA,NA
"267","M","Uts_14A_046",2014,"22.-23.9","9/22/2014","F606",12.1,105,0.396816457215815,NA,"MSW",NA,NA,NA,NA,4,3,3,0,NA,NA,NA
"268","M","Uts_14A_047",2014,"22.-23.9","9/22/2014","F607",2.9,68,-0.498651557619759,NA,NA,NA,NA,NA,NA,4,1,1,0,NA,NA,NA
"269","M","Uts_14A_048",2014,"22.-23.9","9/22/2014","F608",3.8,72,-0.496438799259157,NA,"MSW",NA,NA,NA,NA,4,1,1,0,NA,NA,NA
"270","M","Uts_14A_049",2014,"22.-23.9","9/22/2014","F609",2.2,65,-0.525311126390211,NA,NA,NA,NA,NA,NA,3,1,1,0,NA,NA,NA
"271","M","Uts_14A_051",2014,"22.-23.9","9/22/2014","F611",2.7,67,-0.474204747209909,NA,NA,NA,NA,NA,NA,4,1,1,0,NA,NA,NA
"272","M","Uts_14A_052",2014,"22.-23.9","9/22/2014","F612",2.6,67,-0.574204747209909,"kirkas",NA,"silvery",NA,NA,NA,4,1,1,0,NA,NA,NA
"273","M","Uts_14A_053",2014,"22.-23.9","9/22/2014","F613",6.7,85,-0.514247334587199,NA,"MSW",NA,NA,NA,NA,4,2,2,0,NA,NA,NA
"274","M","Uts_14A_054",2014,"22.-23.9","9/22/2014","F614",2.6,66,-0.349757936800061,NA,NA,NA,NA,NA,NA,3,1,1,0,NA,NA,NA
"275","M","Uts_14A_055",2014,"22.-23.9","9/22/2014","F615",2.3,66,-0.649757936800062,NA,NA,NA,NA,NA,NA,3,1,1,0,NA,NA,NA
"276","M","Uts_14A_056",2014,"22.-23.9","9/22/2014","F616",2.1,64,-0.400864315980362,NA,NA,NA,NA,NA,NA,4,1,1,0,NA,NA,NA
"277","M","Uts_14A_057",2014,"22.-23.9","9/22/2014","F617",4.4,80,-1.69201328253795,"kirkas","MSW","silvery",NA,NA,NA,4,2,2,0,NA,NA,NA
"278","M","Uts_14A_058",2014,"22.-23.9","9/22/2014","F618",1.9,61,0.0724761152491857,NA,NA,NA,NA,1,"Uts_16A_075",4,1,1,0,NA,NA,NA
"279","M","Uts_14A_059",2014,"22.-23.9","9/22/2014","F619",1.7,58,0.545816546478733,NA,NA,NA,NA,NA,NA,3,1,1,0,NA,NA,NA
"280","M","Uts_14A_060",2014,"23.-24.9","9/23/2014","F620",2.9,67,-0.27420474720991,NA,NA,NA,NA,NA,NA,3,1,1,0,NA,NA,NA
"281","M","Uts_14A_061",2014,"23.-24.9","9/23/2014","F621",3.1,67,-0.0742047472099094,NA,NA,NA,NA,NA,NA,3,1,1,0,NA,NA,NA
"282","M","Uts_14A_062",2014,"23.-24.9","9/23/2014","F622",2.4,65,-0.325311126390212,NA,NA,NA,NA,NA,NA,3,1,1,0,NA,NA,NA
"283","M","Uts_14A_064",2014,"24.-25.9","9/24/2014","F624",2.5,66,-0.449757936800061,NA,NA,NA,NA,NA,NA,4,1,1,0,NA,NA,NA
"284","M","Uts_14A_065",2014,"24.-25.9","9/24/2014","F625",2.5,65,-0.225311126390212,NA,NA,NA,NA,NA,NA,4,1,1,0,NA,NA,NA
"285","M","Uts_14A_067",2014,"24.-25.9","9/24/2014","F627",9.8,102,-1.22984311155464,NA,"MSW",NA,NA,NA,NA,4,2,2,0,NA,NA,NA
"286","M","Uts_14A_068",2014,"24.-25.9","9/24/2014","F628",9.7,102,-1.32984311155464,NA,"MSW",NA,NA,NA,NA,3,3,3,0,NA,NA,NA
"287","M","Uts_14A_069",2014,"24.-25.9","9/24/2014","F629",2.7,67,-0.474204747209909,NA,NA,NA,NA,NA,NA,3,1,1,0,NA,NA,NA
"288","M","Uts_14A_070",2014,"24.-25.9","9/24/2014","F630",2.7,67,-0.474204747209909,NA,NA,NA,NA,NA,NA,3,1,1,0,NA,NA,NA
"289","M","Uts_14A_071",2014,"24.-25.9","9/24/2014","F631",2.6,65,-0.125311126390212,NA,NA,NA,NA,NA,NA,3,1,1,0,NA,NA,NA
"290","M","Uts_14A_072",2014,"24.-25.9","9/24/2014","F632",4.7,80,-1.39201328253795,NA,"MSW",NA,NA,NA,NA,4,2,2,0,NA,NA,NA
"291","M","Uts_14A_073",2014,"25.-26.9","9/25/2014","F633",3.8,74,-0.945332420078857,NA,"MSW",NA,NA,NA,NA,3,3,3,1,10,NA,NA
"292","M","Uts_14A_074",2014,"25.-26.9","9/25/2014","F634",4,73,-0.520885609669005,NA,"MSW",NA,NA,NA,NA,3,2,2,0,NA,NA,NA
"293","M","Uts_14A_075",2014,"25.-26.9","9/25/2014","F635",2.4,63,0.123582494429488,NA,NA,NA,NA,NA,NA,3,1,1,0,NA,NA,NA
"294","M","Uts_14A_076",2014,"25.-26.9","9/25/2014","F636",3,68,-0.398651557619759,NA,NA,NA,NA,NA,NA,3,1,1,0,NA,NA,NA
"295","M","Uts_14A_077",2014,"25.-26.9","9/25/2014","F637",3.3,68,-0.0986515576197595,NA,NA,NA,NA,NA,NA,3,2,2,0,NA,NA,NA
"296","M","Uts_14A_078",2014,"25.-26.9","9/25/2014","F638",2.4,66,-0.549757936800062,NA,NA,NA,NA,NA,NA,4,1,1,0,NA,NA,NA
"297","M","Uts_14A_079",2014,"25.-26.9","9/25/2014","F639",2.2,65,-0.525311126390211,NA,NA,NA,NA,NA,NA,3,1,1,0,NA,NA,NA
"298","M","Uts_14A_080",2014,"26.-27.9","9/26/2014","F640",4.6,77,-0.818672851308405,NA,"MSW",NA,NA,NA,NA,NA,2,2,0,NA,NA,NA
"299","M","Uts_14A_081",2014,"26.-27.9","9/26/2014","F641",3.6,71,-0.471991988849307,NA,"MSW",NA,NA,NA,NA,3,2,2,1,10,NA,NA
"300","M","Uts_14A_082",2014,"26.-27.9","9/26/2014","F642",3,68,-0.398651557619759,NA,NA,NA,NA,NA,NA,4,1,1,0,NA,NA,NA
"301","M","Uts_14A_083",2014,"26.-27.9","9/26/2014","F643",2.5,66,-0.449757936800061,NA,NA,NA,NA,1,"Uts_16A_109",3,1,1,0,NA,NA,NA
"302","M","Uts_14A_084",2014,"26.-27.9","9/26/2014","F644",2.6,67,-0.574204747209909,NA,NA,NA,NA,1,"Uts_16A_088",3,1,1,0,NA,NA,NA
"303","M","Uts_14A_085",2014,"26.-27.9","9/26/2014","F645",7.5,94,-1.73426862827584,NA,"MSW",NA,NA,NA,NA,5,2,2,0,NA,NA,NA
"304","M","Uts_14A_086",2014,"26.-27.9","9/26/2014","F646",3.6,72,-0.696438799259157,NA,"MSW",NA,NA,NA,NA,3,2,2,0,NA,NA,NA
"305","M","Uts_14A_087",2014,"29.-30.9","9/29/2014","F647",2.2,62,0.148029304839338,NA,NA,NA,NA,NA,NA,4,1,1,0,NA,NA,NA
"306","M","Uts_14A_088",2014,"29.-30.9","9/29/2014","F648",7.8,92,-0.985375007456143,NA,"MSW",NA,NA,NA,NA,5,2,2,0,NA,NA,NA
"307","M","Uts_14A_089",2014,"30.9-1.10","9/30/2014","F649",19.7,125,3.50788024901883,NA,"MSW",NA,NA,NA,NA,4,4,4,0,NA,NA,NA
"308","M","Uts_14A_090",2014,"30.9-1.10","9/30/2014","F650",2.5,66,-0.449757936800061,NA,NA,NA,NA,NA,NA,4,1,1,0,NA,NA,NA
"309","M","Uts_14A_091",2014,"30.9-1.10","9/30/2014","F651",20.1,124,4.13232705942868,NA,"MSW",NA,NA,NA,NA,4,4,4,0,NA,NA,NA
"310","M","Uts_14A_092",2014,"30.9-1.10","9/30/2014","F652",2.3,65,-0.425311126390212,NA,NA,NA,NA,NA,NA,3,1,1,0,NA,NA,NA
"311","M","Uts_14A_093",2014,"30.9-1.10","9/30/2014","F653",3.1,67,-0.0742047472099094,NA,NA,NA,NA,NA,NA,3,2,2,0,NA,NA,NA
"312","M","Uts_14A_094",2014,"30.9-1.10","9/30/2014","F654",2.5,66,-0.449757936800061,NA,NA,NA,NA,NA,NA,4,1,1,0,NA,NA,NA
"313","M","Uts_14A_095",2014,"30.9-1.10","9/30/2014","F655",3.1,70,-0.747545178439457,NA,"MSW",NA,NA,NA,NA,3,1,1,0,NA,NA,NA
"314","M","Uts_14A_096",2014,"30.9-1.10","9/30/2014","F656",9.8,92,1.01462499254386,NA,"MSW",NA,NA,NA,NA,NA,3,3,0,NA,NA,NA
"315","M","Uts_14A_097",2014,"30.9-1.10","9/30/2014","F657",2.7,67,-0.474204747209909,NA,NA,NA,NA,NA,NA,3,1,1,0,NA,NA,NA
"316","M","Uts_14A_098",2014,"30.9-1.10","9/30/2014","F658",2.6,69,-1.02309836802961,NA,NA,NA,NA,NA,NA,3,1,1,0,NA,NA,NA
"317","M","Uts_14A_099",2014,"30.9-1.10","9/30/2014","F659",2.2,63,-0.0764175055705119,NA,NA,NA,NA,NA,NA,3,1,1,0,NA,NA,NA
"318","M","Uts_14A_101",2014,"1.-2.10","10/1/2014","F661",2,61,0.172476115249186,NA,NA,NA,NA,NA,NA,3,1,1,0,NA,NA,NA
"319","M","Uts_14A_102",2014,"1.-2.10","10/1/2014","F662",4,75,-0.969779230488705,"respawn","MSW",NA,NA,NA,NA,4,2,2,0,NA,NA,NA
"320","M","Uts_14A_103",2014,"1.-2.10","10/1/2014","F663",3.9,77,-1.5186728513084,NA,"MSW",NA,NA,NA,NA,3,2,2,0,NA,NA,NA
"321","M","Uts_14A_104",2014,"1.-2.10","10/1/2014","F664",6.6,82,0.0590930966423482,"kirkas, kassi/respawn","MSW","silvery",NA,NA,NA,NA,2,2,1,NA,NA,NA
"322","M","Uts_14A_105",2014,"2.-3.10","10/2/2014","F665",1.9,63,-0.376417505570512,NA,NA,NA,NA,NA,NA,3,1,1,0,NA,NA,NA
"323","M","Uts_14A_106",2014,"2.-3.10","10/2/2014","F666",3.3,72,-0.996438799259157,NA,"MSW",NA,NA,NA,NA,4,2,2,0,NA,NA,NA
"324","M","Uts_14A_109",2014,"3.-4.10","10/3/2014","F669",5.6,92,-3.18537500745614,NA,"MSW",NA,NA,NA,NA,4,4,4,1,20,NA,NA
"325","M","Uts_14A_110",2014,"3.-4.10","10/3/2014","F670",2.8,68,-0.59865155761976,NA,NA,NA,NA,NA,NA,3,1,1,0,NA,NA,NA
"326","M","Uts_15A_001",2015,"14-15.9","9/14/2015","Z08200",2,58,0.845816546478733,NA,NA,NA,NA,NA,NA,4,1,1,0,NA,NA,NA
"327","M","Uts_15A_002",2015,"14-15.9","9/14/2015","Z08201",1.8,60,0.196922925659036,NA,NA,NA,NA,NA,NA,4,1,1,0,NA,NA,NA
"328","M","Uts_15A_003",2015,"14-15.9","9/14/2015","Z08202",2.3,63,0.0235824944294878,NA,NA,NA,NA,NA,NA,3,1,1,0,NA,NA,NA
"329","M","Uts_15A_004",2015,"14-15.9","9/14/2015","Z08203",2.3,62,0.248029304839338,NA,NA,NA,NA,NA,NA,3,1,1,0,NA,NA,NA
"330","M","Uts_15A_005",2015,"14-15.9","9/14/2015","Z08204",5.8,88,-2.08758776581675,NA,NA,NA,NA,NA,NA,3,2,2,0,NA,NA,NA
"331","M","Uts_15A_006",2015,"14-15.9","9/14/2015","Z08205",2.8,66,-0.149757936800062,NA,NA,NA,NA,NA,NA,3,1,1,0,NA,NA,NA
"332","M","Uts_15A_007",2015,"14-15.9","9/14/2015","Z08206",2.6,65,-0.125311126390212,NA,NA,NA,NA,NA,NA,4,1,1,0,NA,NA,NA
"333","M","Uts_15A_008",2015,"14-15.9","9/14/2015","Z08207",6.9,90,-1.43648138663645,NA,NA,NA,NA,NA,NA,3,3,3,1,10,NA,NA
"334","M","Uts_15A_009",2015,"14-15.9","9/14/2015","Z08208",2.2,62,0.148029304839338,NA,NA,NA,NA,NA,NA,3,1,1,0,NA,NA,NA
"335","M","Uts_15A_012",2015,"15.-16.9","9/15/2015","Z08211",2.3,64,-0.200864315980362,NA,NA,NA,NA,NA,NA,3,1,1,0,NA,NA,NA
"336","M","Uts_15A_013",2015,"15.-16.9","9/15/2015","Z08212",2.1,62,0.0480293048393379,NA,NA,NA,NA,NA,NA,4,1,1,0,NA,NA,NA
"337","M","Uts_15A_014",2015,"15.-16.9","9/15/2015","Z08213",2.2,62,0.148029304839338,NA,NA,NA,NA,NA,NA,3,1,1,0,NA,NA,NA
"338","M","Uts_15A_015",2015,"15.-16.9","9/15/2015","Z08214",2.6,65,-0.125311126390212,NA,NA,NA,NA,NA,NA,3,1,1,0,NA,NA,NA
"339","M","Uts_15A_016",2015,"16.-17.9","9/16/2015","Z08215",1.6,57,0.670263356888583,NA,NA,NA,NA,NA,NA,4,1,1,0,NA,NA,NA
"340","M","Uts_15A_017",2015,"16.-17.9","9/16/2015","Z08216",3.2,70,-0.647545178439457,NA,NA,NA,NA,NA,NA,4,1,1,0,NA,NA,NA
"341","M","Uts_15A_018",2015,"16.-17.9","9/16/2015","Z08217",1.7,59,0.321369736068885,NA,NA,NA,NA,NA,NA,5,1,1,0,NA,NA,NA
"342","M","Uts_15A_019",2015,"16.-17.9","9/16/2015","Z08218",1.6,54,1.34360378811813,"rasvaev‰ puuttuu","missing adipose fin",NA,NA,NA,NA,4,1,1,0,NA,NA,NA
"343","M","Uts_15A_020",2015,"16.-17.9","9/16/2015","Z08219",11.1,99,0.74349731967491,NA,NA,NA,NA,NA,NA,3,3,3,0,NA,NA,NA
"344","M","Uts_15A_022",2015,"16.-17.9","9/16/2015","Z08221",2.1,62,0.0480293048393379,NA,NA,NA,NA,NA,NA,3,1,1,0,NA,NA,NA
"345","M","Uts_15A_023",2015,"16.-17.9","9/16/2015","Z08222",2.5,65,-0.225311126390212,NA,NA,NA,NA,NA,NA,3,1,1,0,NA,NA,NA
"346","M","Uts_15A_024",2015,"17.-18.9","9/17/2015","Z08223",1.8,59,0.421369736068886,NA,NA,NA,NA,NA,NA,3,1,1,0,NA,NA,NA
"347","M","Uts_15A_025",2015,"17.-18.9","9/17/2015","Z08224",2.1,62,0.0480293048393379,NA,NA,NA,NA,NA,NA,5,1,1,0,NA,NA,NA
"348","M","Uts_15A_027",2015,"21.-22.9","9/21/2015","Z08226",2.4,64,-0.100864315980362,NA,NA,NA,NA,NA,NA,3,1,1,0,NA,NA,NA
"349","M","Uts_15A_028",2015,"21.-22.9","9/21/2015","Z08227",7.5,91,-1.06092819704629,NA,NA,NA,NA,NA,NA,3,2,2,0,NA,NA,NA
"350","M","Uts_15A_029",2015,"21.-22.9","9/21/2015","Z08228",9.6,99,-0.75650268032509,NA,NA,NA,NA,NA,NA,4,2,2,0,NA,NA,NA
"351","M","Uts_15A_031",2015,"22.-23.9","9/22/2015","Z08230",2.6,66,-0.349757936800061,NA,NA,NA,NA,NA,NA,3,1,1,0,NA,NA,NA
"352","M","Uts_15A_032",2015,"22.-23.9","9/22/2015","Z08231",2.7,65,-0.0253111263902115,NA,NA,NA,NA,NA,NA,4,1,1,0,NA,NA,NA
"353","M","Uts_15A_033",2015,"22.-23.9","9/22/2015","Z08232",1.8,59,0.421369736068886,NA,NA,NA,NA,NA,NA,3,1,1,0,NA,NA,NA
"354","M","Uts_15A_034",2015,"22.-23.9","9/22/2015","Z08233",2.2,63,-0.0764175055705119,NA,NA,NA,NA,NA,NA,NA,1,1,0,NA,NA,NA
"355","M","Uts_15A_035",2015,"22.-23.9","9/22/2015","Z08234",1.8,61,-0.0275238847508141,NA,NA,NA,NA,NA,NA,4,1,1,0,NA,NA,NA
"356","M","Uts_15A_036",2015,"22.-23.9","9/22/2015","Z08235",2.4,64,-0.100864315980362,"lohit‰it‰","salmon lice",NA,NA,NA,NA,NA,1,1,0,NA,NA,NA
"357","M","Uts_15A_037",2015,"22.-23.9","9/22/2015","Z08236",1.7,59,0.321369736068885,NA,NA,NA,NA,NA,NA,4,1,1,0,NA,NA,NA
"358","M","Uts_15A_038",2015,"23.-24.9","9/23/2015","Z08237",2.9,67,-0.27420474720991,NA,NA,NA,NA,NA,NA,5,1,1,0,NA,NA,NA
"359","M","Uts_15A_039",2015,"23.-24.9","9/23/2015","Z08238",2,60,0.396922925659036,NA,NA,NA,NA,NA,NA,3,1,1,0,NA,NA,NA
"360","M","Uts_15A_041",2015,"23.-24.9","9/23/2015","Z08240",11.4,108,-0.976523974013732,NA,NA,NA,NA,NA,NA,3,3,3,0,NA,NA,NA
"361","M","Uts_15A_042",2015,"24.-25.9","9/24/2015","Z08241",1.7,58,0.545816546478733,NA,NA,NA,NA,NA,NA,3,1,1,0,NA,NA,NA
"362","M","Uts_15A_043",2015,"24.-25.9","9/24/2015","Z08242",2.7,67,-0.474204747209909,NA,NA,NA,NA,NA,NA,3,1,1,0,NA,NA,NA
"363","M","Uts_15A_044",2015,"24.-25.9","9/24/2015","Z08243",2.3,64,-0.200864315980362,NA,NA,NA,NA,NA,NA,5,1,1,0,NA,NA,NA
"364","M","Uts_15A_045",2015,"24.-25.9","9/24/2015","Z08244",1.7,59,0.321369736068885,NA,NA,NA,NA,NA,NA,3,1,1,0,NA,NA,NA
"365","M","Uts_15A_046",2015,"24.-25.9","9/24/2015","Z08245",2.5,65,-0.225311126390212,NA,NA,NA,NA,NA,NA,4,1,1,0,NA,NA,NA
"366","M","Uts_15A_047",2015,"24.-25.9","9/24/2015","Z08246",1.7,56,0.994710167298433,NA,NA,NA,NA,NA,NA,3,1,1,0,NA,NA,NA
"367","M","Uts_15A_048",2015,"24.-25.9","9/24/2015","Z08247",2.3,62,0.248029304839338,NA,NA,NA,NA,NA,NA,3,1,1,0,NA,NA,NA
"368","M","Uts_15A_049",2015,"25.-26.9","9/25/2015","Z08248",2.3,63,0.0235824944294878,NA,NA,NA,NA,NA,NA,3,1,1,0,NA,NA,NA
"369","M","Uts_15A_050",2015,"25.-26.9","9/25/2015","Z08250",2,61,0.172476115249186,NA,NA,NA,NA,NA,NA,3,1,1,0,NA,NA,NA
"370","M","Uts_15A_051",2015,"25.-26.9","9/25/2015","Z08251",1.5,56,0.794710167298433,NA,NA,NA,NA,NA,NA,3,1,1,0,NA,NA,NA
"371","M","Uts_15A_052",2015,"28.-29.9","9/28/2015","Z08252",2,60,0.396922925659036,NA,NA,NA,NA,1,"Uts_17A_087",3,1,1,0,NA,NA,"disagreement in smolt age between 1 and 2nd recapture"
"372","M","Uts_15A_053",2015,"28.-29.9","9/28/2015","Z08253",1.5,56,0.794710167298433,NA,NA,NA,NA,NA,NA,3,1,1,0,NA,NA,NA
"373","M","Uts_15A_056",2015,"28.-29.9","9/28/2015","Z08256",1.8,62,-0.251970695160662,NA,NA,NA,NA,1,"Uts_17A_088",3,1,1,0,NA,NA,NA
"374","M","Uts_15A_057",2015,"28.-29.9","9/28/2015","Z08257",2.5,64,-0.000864315980361852,"kuoli verkkoon","died in net",NA,1,NA,NA,3,1,1,0,NA,NA,NA
"375","M","Uts_15A_058",2015,"28.-29.9","9/28/2015","Z08258",2.1,61,0.272476115249186,NA,NA,NA,NA,NA,NA,3,1,1,0,NA,NA,NA
"376","M","Uts_15A_059",2015,"28.-29.9","9/28/2015","Z08259",2,60,0.396922925659036,NA,NA,NA,NA,NA,NA,3,1,1,0,NA,NA,NA
"377","M","Uts_15A_060",2015,"28.-29.9","9/28/2015","Z08260",1.7,62,-0.351970695160662,NA,NA,NA,NA,NA,NA,3,1,1,0,NA,NA,NA
"378","M","Uts_15A_061",2015,"28.-29.9","9/28/2015","Z08261",2,62,-0.0519706951606622,NA,NA,NA,NA,NA,NA,3,1,1,0,NA,NA,NA
"379","M","Uts_15A_063",2015,"29.-30.9","9/29/2015","Z08263",1.6,57,0.670263356888583,NA,NA,NA,NA,NA,NA,3,1,1,0,NA,NA,NA
"380","M","Uts_15A_064",2015,"29.-30.9","9/29/2015","Z08264",2.7,68,-0.698651557619759,"eritt‰in kirkas","very bright colors",NA,NA,NA,NA,4,1,1,0,NA,NA,NA
"381","M","Uts_15A_065",2015,"29.-30.9","9/29/2015","Z08265",2,63,-0.276417505570512,NA,NA,NA,NA,NA,NA,3,1,1,0,NA,NA,NA
"382","M","Uts_15A_068",2015,"31.9-1.10","9/30/2015","Z08268",3.1,68,-0.298651557619759,NA,NA,NA,NA,NA,NA,3,1,1,0,NA,NA,NA
"383","M","Uts_15A_069",2015,"31.9-1.10","9/30/2015","Z08269",1.8,60,0.196922925659036,NA,NA,NA,NA,NA,NA,3,1,1,0,NA,NA,NA
"384","M","Uts_15A_070",2015,"31.9-1.10","9/30/2015","Z08270",14.2,115,0.25234835311732,NA,NA,NA,NA,NA,NA,3,3,3,0,NA,NA,NA
"385","M","Uts_15A_071",2015,"31.9-1.10","9/30/2015","Z08271",4.7,82,-1.84090690335765,NA,NA,"same male as UTS_15A_075",NA,NA,"Uts_15A_075",4,2,2,0,NA,NA,NA
"386","M","Uts_15A_072",2015,"1.-2.10","10/1/2014","Z08272",2.3,65,-0.425311126390212,NA,NA,NA,NA,NA,NA,3,1,1,0,NA,NA,NA
"387","M","Uts_15A_073",2015,"1.-2.10","10/1/2014","Z08273",2.4,65,-0.325311126390212,"rasvaev‰n reuna leikattu - todenn‰kˆisesti kala nro. 71 josta merkki irronnut","part of the adipose fin has been cut, maybe 71","not 71",NA,NA,NA,3,1,1,0,NA,NA,NA
"388","M","Uts_15A_074",2015,"1.-2.10","10/1/2014","Z08274",1.4,57,0.470263356888583,NA,NA,NA,NA,NA,NA,4,1,1,0,NA,NA,NA
"389","M","Uts_15A_076",2015,"1.-2.10","10/1/2014","Z08276",9.8,100,-0.78094949073494,NA,"dates converted to 1st day",NA,NA,NA,NA,3,2,2,0,NA,NA,NA
"390","M","Uts_15A_079",2015,"2.-3.10","10/2/2015","Z08279",2.8,69,-0.823098368029609,NA,NA,NA,NA,NA,NA,3,1,1,0,NA,NA,NA
"391","M","Uts_15A_080",2015,"2.-3.10","10/2/2015","Z08280",2.1,62,0.0480293048393379,NA,NA,NA,NA,NA,NA,5,1,1,0,NA,NA,NA
"392","M","Uts_15A_081",2015,"2.-3.10","10/2/2015","Z08281",1.7,61,-0.127523884750814,NA,NA,NA,NA,NA,NA,4,1,1,0,NA,NA,NA
"393","M","Uts_15A_082",2015,"2.-3.10","10/2/2015","Z08282",2.4,64,-0.100864315980362,NA,NA,NA,NA,NA,NA,3,1,1,0,NA,NA,NA
"394","M","Uts_16A_001",2016,"14-Sep","9/14/2016","Z08283",2.6,63,0.323582494429488,NA,NA,NA,NA,NA,NA,3,1,1,0,NA,NA,NA
"395","M","Uts_16A_002",2016,"14-Sep","9/14/2016","Z08284",2.1,61,0.272476115249186,NA,NA,NA,NA,NA,NA,3,1,1,0,NA,NA,NA
"396","M","Uts_16A_003",2016,"15-16.9","9/15/2016","Z08285",2.1,62,0.0480293048393379,NA,NA,NA,NA,NA,NA,3,1,1,0,NA,NA,NA
"397","M","Uts_16A_004",2016,"15-16.9","9/15/2016","Z08286",12.3,110,-0.525417594833431,NA,NA,NA,NA,NA,NA,3,3,3,0,NA,NA,NA
"398","M","Uts_16A_005",2016,"15-16.9","9/15/2016","Z08287",2.4,62,0.348029304839338,NA,NA,NA,NA,NA,NA,3,1,1,0,NA,NA,NA
"399","M","Uts_16A_006",2016,"15-16.9","9/15/2016","Z08288",1.8,58,0.645816546478734,NA,NA,NA,NA,NA,NA,3,1,1,0,NA,NA,NA
"400","M","Uts_16A_007",2016,"15-16.9","9/15/2016","Z08289",9.5,103,-1.75428992196449,NA,NA,NA,NA,NA,NA,3,NA,3,0,NA,NA,NA
"401","M","Uts_16A_008",2016,"15-16.9","9/15/2016","Z08290",1.8,59,0.421369736068886,NA,NA,NA,NA,NA,NA,3,1,1,0,NA,NA,NA
"402","M","Uts_16A_009",2016,"15-16.9","9/15/2016","Z08291",2,60,0.396922925659036,NA,NA,NA,NA,NA,NA,3,1,1,0,NA,NA,NA
"403","M","Uts_16A_010",2016,"15-16.9","9/15/2016","Z08292",2.1,61,0.272476115249186,NA,NA,NA,NA,NA,NA,3,1,1,0,NA,NA,NA
"404","M","Uts_16A_011",2016,"15-16.9","9/15/2016","Z08293",1.8,60,0.196922925659036,NA,NA,NA,NA,NA,NA,3,1,1,0,NA,NA,NA
"405","M","Uts_16A_012",2016,"15-16.9","9/15/2016","Z08294",2.3,62,0.248029304839338,NA,NA,NA,NA,NA,NA,4,1,1,0,NA,NA,NA
"406","M","Uts_16A_013",2016,"15-16.9","9/15/2016","Z08295",6.1,90,-2.23648138663645,NA,NA,NA,NA,NA,NA,NA,NA,2,0,NA,NA,NA
"407","M","Uts_16A_014",2016,"15-16.9","9/15/2016","Z08296",1.4,54,1.14360378811813,NA,NA,NA,NA,NA,NA,3,1,1,0,NA,NA,NA
"408","M","Uts_16A_015",2016,"15-16.9","9/15/2016","Z08297",5,84,-1.98980052417735,NA,NA,NA,NA,NA,NA,3,2,2,0,NA,NA,NA
"409","M","Uts_16A_016",2016,"15-16.9","9/15/2016","Z08298",3.6,72,-0.696438799259157,NA,NA,NA,NA,NA,NA,3,1,1,0,NA,NA,NA
"410","M","Uts_16A_017",2016,"15-16.9","9/15/2016","Z08299",6.3,84,-0.689800524177351,NA,NA,NA,NA,NA,NA,4,2,2,0,NA,NA,NA
"411","M","Uts_16A_018",2016,"15-16.9","9/15/2016","Z08300",1.7,59,0.321369736068885,NA,NA,NA,NA,NA,NA,3,1,1,0,NA,NA,NA
"412","M","Uts_16A_019",2016,"15-16.9","9/15/2016","Z08301",1.8,58,0.645816546478734,NA,NA,NA,NA,NA,NA,3,1,1,0,NA,NA,NA
"413","M","Uts_16A_020",2016,"15-16.9","9/15/2016","Z08302",2,61,0.172476115249186,NA,NA,NA,NA,NA,NA,3,1,1,0,NA,NA,NA
"414","M","Uts_16A_021",2016,"16.-17.9","9/16/2016","Z08303",1.8,59,0.421369736068886,NA,NA,NA,NA,NA,NA,3,1,1,0,NA,NA,NA
"415","M","Uts_16A_022",2016,"16.-17.9","9/16/2016","Z08304",1.9,60,0.296922925659036,NA,NA,NA,NA,NA,NA,3,1,1,0,NA,NA,NA
"416","M","Uts_16A_023",2016,"16.-17.9","9/16/2016","Z08305",2.2,63,-0.0764175055705119,NA,NA,NA,NA,NA,NA,4,1,1,0,NA,NA,NA
"417","M","Uts_16A_024",2016,"16.-17.9","9/16/2016","Z08306",2.3,61,0.472476115249186,NA,NA,NA,NA,NA,NA,4,1,1,0,NA,NA,NA
"418","M","Uts_16A_025",2016,"16.-17.9","9/16/2016","Z08307",2.3,64,-0.200864315980362,NA,NA,NA,NA,NA,NA,4,1,1,0,NA,NA,NA
"419","M","Uts_16A_026",2016,"16.-17.9","9/16/2016","Z08308",2.5,65,-0.225311126390212,NA,NA,NA,NA,NA,NA,3,1,1,0,NA,NA,NA
"420","M","Uts_16A_027",2016,"16.-17.9","9/16/2016","Z08309",1.4,55,0.919156977708283,NA,NA,NA,NA,NA,NA,3,1,1,0,NA,NA,NA
"421","M","Uts_16A_028",2016,"16.-17.9","9/16/2016","Z08310",5.9,88,-1.98758776581675,NA,NA,NA,NA,NA,NA,3,2,2,0,NA,NA,NA
"422","M","Uts_16A_029",2016,"16.-17.9","9/16/2016","Z08311",1.8,58,0.645816546478734,NA,NA,NA,NA,NA,NA,3,1,1,0,NA,NA,NA
"423","M","Uts_16A_030",2016,"16.-17.9","9/16/2016","Z08312",1.4,53,1.36805059852798,NA,NA,NA,NA,NA,NA,4,1,1,0,NA,NA,NA
"424","M","Uts_16A_031",2016,"16.-17.9","9/16/2016","Z08313",1.5,56,0.794710167298433,NA,NA,NA,NA,NA,NA,NA,1,1,0,NA,NA,NA
"425","M","Uts_16A_032",2016,"19.-20.9","9/19/2016","Z08314",2,61,0.172476115249186,NA,NA,NA,NA,NA,NA,3,1,1,0,NA,NA,NA
"426","M","Uts_16A_033",2016,"19.-20.9","9/19/2016","Z08315",1.6,55,1.11915697770828,NA,NA,NA,NA,NA,NA,3,1,1,0,NA,NA,NA
"427","M","Uts_16A_034",2016,"19.-20.9","9/19/2016","Z08316",1.6,59,0.221369736068886,NA,NA,NA,NA,NA,NA,3,1,1,0,NA,NA,NA
"428","M","Uts_16A_035",2016,"19.-20.9","9/19/2016","Z08317",1.8,59,0.421369736068886,NA,NA,NA,NA,NA,NA,3,1,1,0,NA,NA,NA
"429","M","Uts_16A_038",2016,"20.-21.9","9/20/2016","Z08320",1.9,59,0.521369736068885,NA,NA,NA,NA,NA,NA,4,1,1,0,NA,NA,NA
"430","M","Uts_16A_039",2016,"20.-21.9","9/20/2016","Z08321",2,61,0.172476115249186,NA,NA,NA,NA,NA,NA,4,1,1,0,NA,NA,NA
"431","M","Uts_16A_040",2016,"20.-21.9","9/20/2016","Z08322",2,58,0.845816546478733,NA,NA,NA,NA,NA,NA,4,1,1,0,NA,NA,NA
"432","M","Uts_16A_041",2016,"20.-21.9","9/20/2016","Z08323",6,89,-2.11203457622659,NA,NA,NA,NA,NA,NA,3,2,2,0,NA,NA,NA
"433","M","Uts_16A_042",2016,"20.-21.9","9/20/2016","Z08324",2.6,63,0.323582494429488,NA,NA,NA,NA,NA,NA,3,1,1,0,NA,NA,NA
"434","M","Uts_16A_044",2016,"20.-21.9","9/20/2016","Z08326",1.6,58,0.445816546478734,NA,NA,NA,NA,NA,NA,3,1,1,0,NA,NA,NA
"435","M","Uts_16A_045",2016,"20.-21.9","9/20/2016","Z08327",1.8,59,0.421369736068886,NA,NA,NA,NA,NA,NA,4,1,1,0,NA,NA,NA
"436","M","Uts_16A_046",2016,"20.-21.9","9/20/2016",NA,2,60,0.396922925659036,"kuollut","dead",NA,1,NA,NA,3,1,1,0,NA,NA,NA
"437","M","Uts_16A_047",2016,"20.-21.9","9/20/2016",NA,9.3,97,-0.607609059505389,"kuollut","dead",NA,1,NA,NA,3,3,3,1,10,NA,NA
"438","M","Uts_16A_049",2016,"21.-22.9","9/21/2015","Z08329",1.8,57,0.870263356888583,NA,NA,NA,NA,NA,NA,3,1,1,0,NA,NA,NA
"439","M","Uts_16A_051",2016,"21.-22.9","9/21/2015","Z08331",2,60,0.396922925659036,NA,NA,NA,NA,NA,NA,3,1,1,0,NA,NA,NA
"440","M","Uts_16A_052",2016,"21.-22.9","9/21/2015","Z08332",1,48,2.09028465057723,NA,NA,NA,NA,NA,NA,3,1,1,0,NA,NA,NA
"441","M","Uts_16A_053",2016,"21.-22.9","9/21/2015","Z08333",2.1,60,0.496922925659036,NA,NA,NA,NA,NA,NA,4,1,1,0,NA,NA,NA
"442","M","Uts_16A_054",2016,"21.-22.9","9/21/2015","Z08334",2.3,64,-0.200864315980362,NA,NA,NA,NA,NA,NA,3,1,1,0,NA,NA,NA
"443","M","Uts_16A_055",2016,"22.-23.9","9/22/2016","Z08335",1.8,57,0.870263356888583,NA,NA,NA,NA,NA,NA,3,1,1,0,NA,NA,NA
"444","M","Uts_16A_056",2016,"22.-23.9","9/22/2016","Z08336",2.5,63,0.223582494429488,NA,NA,NA,NA,NA,NA,NA,1,1,0,NA,NA,NA
"445","M","Uts_16A_057",2016,"22.-23.9","9/22/2016","Z08337",1.6,56,0.894710167298433,NA,NA,NA,NA,NA,NA,NA,1,1,0,NA,NA,NA
"446","M","Uts_16A_058",2016,"22.-23.9","9/22/2016","Z08338",1.7,59,0.321369736068885,NA,NA,NA,NA,NA,NA,3,1,1,0,NA,NA,NA
"447","M","Uts_16A_059",2016,"22.-23.9","9/22/2016","Z08339",2,60,0.396922925659036,NA,NA,NA,NA,NA,NA,3,1,1,0,NA,NA,NA
"448","M","Uts_16A_060",2016,"22.-23.9","9/22/2016","Z08340",1.4,58,0.245816546478733,NA,NA,NA,NA,NA,NA,3,1,1,0,NA,NA,NA
"449","M","Uts_16A_061",2016,"22.-23.9","9/22/2016","Z08341",2,63,-0.276417505570512,NA,NA,NA,NA,NA,NA,3,1,1,0,NA,NA,NA
"450","M","Uts_16A_062",2016,"22.-23.9","9/22/2016","Z08342",1.5,55,1.01915697770828,NA,NA,NA,NA,NA,NA,3,1,1,0,NA,NA,NA
"451","M","Uts_16A_063",2016,"22.-23.9","9/22/2016","Z08343",1.7,58,0.545816546478733,NA,NA,NA,NA,NA,NA,3,1,1,0,NA,NA,NA
"452","M","Uts_16A_065",2016,"23.-24.9","9/23/2016","Z08345",1.7,60,0.0969229256590356,NA,NA,NA,NA,NA,NA,3,1,1,0,NA,NA,NA
"453","M","Uts_16A_066",2016,"23.-24.9","9/23/2016","Z08346",1.7,57,0.770263356888583,NA,NA,NA,NA,NA,NA,4,1,1,0,NA,NA,NA
"454","M","Uts_16A_067",2016,"23.-24.9","9/23/2016","Z08347",5.7,83,-1.0653537137675,NA,NA,NA,NA,NA,NA,3,2,2,0,NA,NA,NA
"455","M","Uts_16A_068",2016,"23.-24.9","9/23/2016","Z08348",2,62,-0.0519706951606622,NA,NA,NA,NA,NA,NA,3,1,1,0,NA,NA,NA
"456","M","Uts_16A_069",2016,"23.-24.9","9/23/2016","Z08349",1.6,57,0.670263356888583,NA,NA,NA,NA,NA,NA,4,1,1,0,NA,NA,NA
"457","M","Uts_16A_070",2016,"23.-24.9","9/23/2016","Z08350",2.3,66,-0.649757936800062,NA,NA,NA,NA,NA,NA,3,1,1,0,NA,NA,NA
"458","M","Uts_16A_071",2016,"23.-24.9","9/23/2016","Z08351",1.5,59,0.121369736068885,NA,NA,NA,NA,NA,NA,3,1,1,0,NA,NA,NA
"459","M","Uts_16A_072",2016,"26.-27.9","9/26/2016","Z08352",17,117,2.60345473229762,NA,NA,NA,NA,NA,NA,3,3,3,0,NA,NA,NA
"460","M","Uts_16A_073",2016,"26.-27.9","9/26/2016","Z08353",20.8,121,5.50566749065823,NA,NA,NA,NA,NA,NA,3,3,3,0,NA,NA,NA
"461","M","Uts_16A_074",2016,"26.-27.9","9/26/2016","Z08354",10.4,103,-0.854289921964488,NA,NA,NA,NA,NA,NA,3,3,3,1,10,NA,NA
"462","M","Uts_16A_075",2016,"26.-27.9","9/26/2016","F618",6.5,88,-1.38758776581675,NA,NA,"recapture Uts_14A_058, F618",NA,2,"Uts_14A_058",4,3,3,1,10,NA,"scale age was originally 2 but changed to 3"
"463","M","Uts_16A_076",2016,"26.-27.9","9/26/2016","Z08355",2.1,62,0.0480293048393379,NA,NA,NA,NA,NA,NA,3,1,1,0,NA,NA,NA
"464","M","Uts_16A_078",2016,"26.-27.9","9/26/2016","Z08357",1.8,57,0.870263356888583,NA,NA,NA,NA,NA,NA,3,1,1,0,NA,NA,NA
"465","M","Uts_16A_079",2016,"26.-27.9","9/26/2016","Z08358",3.7,74,-1.04533242007886,NA,NA,NA,NA,NA,NA,3,2,2,0,NA,NA,NA
"466","M","Uts_16A_080",2016,"26.-27.9","9/26/2016","Z08359",1.8,57,0.870263356888583,NA,NA,NA,NA,NA,NA,3,1,1,0,NA,NA,NA
"467","M","Uts_16A_081",2016,"26.-27.9","9/26/2016","Z08360",2.7,62,0.648029304839338,NA,NA,NA,NA,NA,NA,3,1,1,0,NA,NA,NA
"468","M","Uts_16A_082",2016,"26.-27.9","9/26/2016","Z08361",2,61,0.172476115249186,NA,NA,NA,NA,NA,NA,3,1,1,0,NA,NA,NA
"469","M","Uts_16A_083",2016,"26.-27.9","9/26/2016","Z08362",1.9,59,0.521369736068885,NA,NA,NA,NA,NA,NA,3,1,1,0,NA,NA,NA
"470","M","Uts_16A_084",2016,"26.-27.9","9/26/2016","Z08363",2.3,61,0.472476115249186,NA,NA,NA,NA,NA,NA,3,1,1,0,NA,NA,NA
"471","M","Uts_16A_085",2016,"26.-27.9","9/26/2016","Z08364",2.2,60,0.596922925659036,NA,NA,NA,NA,NA,NA,4,1,1,0,NA,NA,NA
"472","M","Uts_16A_086",2016,"27.-28.9","9/27/2016","Z08365",2,57,1.07026335688858,NA,NA,NA,NA,NA,NA,3,1,1,0,NA,NA,NA
"473","M","Uts_16A_087",2016,"27.-28.9","9/27/2016","Z08366",13.5,106,1.57236964680596,NA,NA,NA,NA,NA,NA,3,3,3,0,NA,NA,NA
"474","M","Uts_16A_088",2016,"27.-28.9","9/27/2016","Z08367",11.6,102,0.570156888445362,NA,NA,"recapture, tag missing",NA,2,"Uts_14A_084",3,3,3,1,10,NA,"seaage says 2 but should be 3, changed"
"475","M","Uts_16A_089",2016,"27.-28.9","9/27/2016","Z08368",2.1,59,0.721369736068886,NA,NA,NA,NA,NA,NA,3,1,1,0,NA,NA,NA
"476","M","Uts_16A_090",2016,"27.-28.9","9/27/2016","Z08369",2,58,0.845816546478733,NA,NA,NA,NA,NA,NA,3,1,1,0,NA,NA,NA
"477","M","Uts_16A_092",2016,"27.-28.9","9/27/2016","Z08371",4.5,81,-1.8164600929478,NA,NA,NA,NA,NA,NA,3,2,2,0,NA,NA,NA
"478","M","Uts_16A_093",2016,"27.-28.9","9/27/2016","Z08372",1.4,55,0.919156977708283,NA,NA,NA,NA,NA,NA,3,1,1,0,NA,NA,NA
"479","M","Uts_16A_094",2016,"27.-28.9","9/27/2016","Z08373",1.4,54,1.14360378811813,NA,NA,NA,NA,NA,NA,3,1,1,0,NA,NA,NA
"480","M","Uts_16A_095",2016,"27.-28.9","9/27/2016","Z08374",6.8,86,-0.638694144997047,NA,NA,NA,NA,NA,NA,3,2,2,0,NA,NA,NA
"481","M","Uts_16A_097",2016,"27.-28.9","9/27/2016","Z08376",1.5,56,0.794710167298433,NA,NA,NA,NA,NA,NA,4,1,1,0,NA,NA,NA
"482","M","Uts_16A_098",2016,"27.-28.9","9/27/2016","Z08377",2,63,-0.276417505570512,NA,NA,NA,NA,NA,NA,NA,1,1,0,NA,NA,NA
"483","M","Uts_16A_099",2016,"27.-28.9","9/27/2016","Z08378",1.8,59,0.421369736068886,NA,NA,NA,NA,NA,NA,4,1,1,0,NA,NA,NA
"484","M","Uts_16A_100",2016,"28.-29.9","9/28/2016","Z08379",2,60,0.396922925659036,NA,NA,NA,NA,1,"Uts_18A_001",3,1,1,0,NA,NA,NA
"485","M","Uts_16A_101",2016,"28.-29.9","9/28/2016","Z08380",20.4,126,3.98343343860898,NA,NA,NA,NA,NA,NA,NA,4,4,0,NA,NA,NA
"486","M","Uts_16A_103",2016,"28.-29.9","9/28/2016","Z08382",5,85,-2.2142473345872,NA,NA,NA,NA,NA,NA,3,2,2,0,NA,NA,NA
"487","M","Uts_16A_104",2016,"28.-29.9","9/28/2016","Z08383",2,59,0.621369736068885,NA,NA,NA,NA,NA,NA,3,1,1,0,NA,NA,NA
"488","M","Uts_16A_106",2016,"28.-29.9","9/28/2016","Z08385",1.6,56,0.894710167298433,NA,NA,NA,NA,NA,NA,4,1,1,0,NA,NA,NA
"489","M","Uts_16A_107",2016,"28.-29.9","9/28/2016","Z08386",2,61,0.172476115249186,NA,NA,NA,NA,NA,NA,3,1,1,0,NA,NA,NA
"490","M","Uts_16A_109",2016,"28.-29.9","9/28/2016","F643",7.5,94,-1.73426862827584,NA,NA,"marked previously, Uts_14A_083",NA,2,"Uts_14A_083",3,3,3,1,10,NA,"seaage says 2 from scale, should be 3"
"491","M","Uts_16A_110",2016,"29.-30.9","9/29/2016","Z08388",1.9,57,0.970263356888583,NA,NA,NA,NA,NA,NA,3,1,1,0,NA,NA,NA
"492","M","Uts_16A_111",2016,"29.-30.9","9/29/2016","Z08389",18.2,117,3.80345473229762,NA,NA,NA,NA,NA,NA,5,3,3,0,NA,NA,NA
"493","M","Uts_16A_113",2016,"29.-30.9","9/29/2016","Z08391",8.7,97,-1.20760905950539,NA,NA,NA,NA,NA,NA,3,2,2,0,NA,NA,NA
"494","M","Uts_16A_114",2016,"4.-5.10","10/4/2016","Z08392",5.9,87,-1.7631409554069,NA,NA,NA,NA,NA,NA,4,NA,2,0,NA,NA,NA
"495","M","Uts_16A_116",2016,"4.-5.10","10/4/2016","Z08394",1.8,59,0.421369736068886,NA,NA,NA,NA,NA,NA,3,1,1,0,NA,NA,NA
"496","M","Uts_16A_117",2016,"4.-5.10","10/4/2016","Z08395",0.8,50,1.44139102975753,NA,NA,NA,NA,NA,NA,4,1,1,0,NA,NA,NA
"497","M","Uts_17A_001",2017,"14.9.2017","9/14/2017","F671",8.8,94,-0.434268628275841,NA,NA,NA,NA,NA,NA,3,2,2,0,NA,"vain 1 suomu","only one scale"
"498","M","Uts_17A_003",2017,"14.9.2017","9/14/2017","F673",2.1,63,-0.176417505570512,NA,NA,NA,NA,NA,NA,3,1,1,0,NA,NA,NA
"499","M","Uts_17A_004",2017,"14.9.2017","9/14/2017","F674",8,93,-1.00982181786599,NA,NA,NA,NA,NA,NA,3,2,2,0,NA,NA,NA
"500","M","Uts_17A_006",2017,"14.9.2017","9/14/2017","F676",2.3,63,0.0235824944294878,NA,NA,NA,NA,NA,NA,3,1,1,0,NA,NA,NA
"501","M","Uts_17A_008",2017,"14.9.2017","9/14/2017","F678",2.8,69,-0.823098368029609,NA,NA,NA,NA,NA,NA,4,1,1,0,NA,NA,NA
"502","M","Uts_17A_009",2017,"14.9.2017","9/14/2017","F679",4.4,75,-0.569779230488704,NA,NA,NA,NA,NA,NA,4,2,2,0,NA,"kuluneet suomut, ep‰varma meri-ik‰","worn out scales, sea age uncertain"
"503","M","Uts_17A_011",2017,"14.9.2017","9/14/2017","F681",3.4,70,-0.447545178439457,NA,NA,NA,NA,NA,NA,NA,1,1,0,NA,"ei joki-ik‰‰","no river age"
"504","M","Uts_17A_012",2017,"14.9.2017","9/14/2017","F682",3.4,69,-0.223098368029609,NA,NA,NA,NA,NA,NA,4,1,1,0,NA,NA,NA
"505","M","Uts_17A_013",2017,"15.9.2017","9/15/2017","F683",2.2,59,0.821369736068886,NA,NA,NA,NA,NA,NA,4,1,1,0,NA,NA,NA
"506","M","Uts_17A_014",2017,"15.9.2017","9/15/2017","F684",2.2,62,0.148029304839338,NA,NA,NA,NA,NA,NA,3,1,1,0,NA,NA,NA
"507","M","Uts_17A_015",2017,"15.9.2017","9/15/2017","F685",12,106,0.0723696468059636,NA,NA,NA,NA,NA,NA,4,3,3,0,NA,NA,NA
"508","M","Uts_17A_016",2017,"18.9.2017","9/18/2017","F686",25,131,7.46119938655973,NA,NA,NA,NA,NA,NA,3,4,4,0,NA,NA,NA
"509","M","Uts_17A_017",2017,"18.9.2017","9/18/2017","F687",19.4,128,2.53453981778928,NA,NA,NA,NA,NA,NA,4,4,4,0,NA,NA,NA
"510","M","Uts_17A_019",2017,"18.9.2017","9/18/2017","F689",2.9,67,-0.27420474720991,NA,NA,NA,NA,NA,NA,4,1,1,0,NA,NA,NA
"511","M","Uts_17A_020",2017,"18.9.2017","9/18/2017","F690",3.2,70,-0.647545178439457,NA,NA,NA,NA,1,"Uts_19A_003",3,1,1,0,NA,NA,NA
"512","M","Uts_17A_021",2017,"18.9.2017","9/18/2017","F691",13,106,1.07236964680596,NA,NA,NA,NA,NA,NA,3,3,3,0,NA,NA,NA
"513","M","Uts_17A_022",2017,"18.9.2017","9/18/2017","F692",2.1,60,0.496922925659036,NA,NA,NA,NA,NA,NA,4,1,1,0,NA,NA,NA
"514","M","Uts_17A_023",2017,"18.9.2017","9/18/2017","F693",1.8,59,0.421369736068886,NA,NA,NA,NA,NA,NA,4,1,1,0,NA,NA,NA
"515","M","Uts_17A_024",2017,"18.9.2017","9/18/2017","F694",3.2,70,-0.647545178439457,NA,NA,NA,NA,NA,NA,4,1,1,0,NA,NA,NA
"516","M","Uts_17A_025",2017,"19.9.2017","9/19/2017",NA,2.3,62,0.248029304839338,"kuollut","dead",NA,NA,NA,NA,4,1,1,0,NA,NA,NA
"517","M","Uts_17A_027",2017,"19.9.2017","9/19/2017","F696",3.1,68,-0.298651557619759,NA,NA,NA,NA,NA,NA,3,1,1,0,NA,NA,NA
"518","M","Uts_17A_028",2017,"19.9.2017","9/19/2017","F697",9.4,99,-0.956502680325089,NA,NA,NA,NA,NA,NA,4,3,3,0,NA,NA,NA
"519","M","Uts_17A_029",2017,"19.9.2017","9/19/2017","F698",7.7,89,-0.412034576226595,NA,NA,NA,NA,NA,NA,3,2,2,0,NA,NA,NA
"520","M","Uts_17A_030",2017,"19.9.2017","9/19/2017","F699",2.6,66,-0.349757936800061,NA,NA,NA,NA,NA,NA,4,1,1,0,NA,NA,NA
"521","M","Uts_17A_032",2017,"19.9.2017","9/19/2017","F201",7.3,90,-1.03648138663645,NA,NA,NA,NA,NA,NA,3,2,2,0,NA,NA,NA
"522","M","Uts_17A_033",2017,"19.9.2017","9/19/2017","F202",2.1,60,0.496922925659036,NA,NA,NA,NA,NA,NA,4,1,1,0,NA,NA,NA
"523","M","Uts_17A_034",2017,"20.9.2017","9/20/2017","F203",3.7,74,-1.04533242007886,"leikattu rasvaev‰","cut adipose fin",NA,NA,NA,NA,4,1,1,0,NA,NA,NA
"524","M","Uts_17A_035",2017,"20.9.2017","9/20/2017","F204",19.6,123,3.85677386983853,NA,NA,NA,NA,NA,NA,6,4,4,0,NA,NA,NA
"525","M","Uts_17A_036",2017,"20.9.2017","9/20/2017","F205",3.2,67,0.0257952527900907,"outo rasvaev‰, mahdollisesti leikattu","weird adipose fin, possibly cut",NA,NA,NA,NA,3,1,1,0,NA,NA,NA
"526","M","Uts_17A_037",2017,"20.9.2017","9/20/2017","F206",7.6,90,-0.736481386636447,NA,NA,NA,NA,NA,NA,3,2,2,0,NA,NA,NA
"527","M","Uts_17A_038",2017,"20.9.2017","9/20/2017","F207",9.5,96,-0.183162249095542,"liman‰yte puuttuu","no slime sample",NA,NA,NA,NA,3,3,3,0,NA,NA,NA
"528","M","Uts_17A_039",2017,"21.9.2017","9/21/2017",NA,8.5,95,-0.958715438685694,"kuollut","dead",NA,NA,NA,NA,4,3,3,0,NA,NA,NA
"529","M","Uts_17A_040",2017,"21.9.2017","9/21/2017","F208",3.6,70,-0.247545178439457,NA,NA,NA,NA,NA,NA,4,2,2,0,NA,NA,NA
"530","M","Uts_17A_041",2017,"21.9.2017","9/21/2017","F209",2.7,63,0.423582494429488,NA,NA,NA,NA,NA,NA,5,1,1,0,NA,NA,NA
"531","M","Uts_17A_042",2017,"21.9.2017","9/21/2017","F210",2.9,64,0.399135684019638,NA,NA,NA,NA,NA,NA,4,1,1,0,NA,NA,NA
"532","M","Uts_17A_043",2017,"21.9.2017","9/21/2017","F211",1.4,53,1.36805059852798,NA,NA,NA,NA,NA,NA,4,1,1,0,NA,NA,NA
"533","M","Uts_17A_044",2017,"21.9.2017","9/21/2017","F212",15.9,111,2.85013559475672,NA,NA,NA,NA,NA,NA,4,3,3,0,NA,NA,NA
"534","M","Uts_17A_045",2017,"21.9.2017","9/21/2017","F213",1.7,59,0.321369736068885,NA,NA,NA,NA,NA,NA,4,1,1,0,NA,NA,NA
"535","M","Uts_17A_047",2017,"21.9.2017","9/21/2017","F215",2.7,63,0.423582494429488,NA,NA,NA,NA,NA,NA,4,1,1,0,NA,NA,NA
"536","M","Uts_17A_048",2017,"21.9.2017","9/21/2017","F216",2.5,61,0.672476115249186,NA,NA,NA,NA,NA,NA,4,1,1,0,NA,NA,NA
"537","M","Uts_17A_049",2017,"21.9.2017","9/21/2017","F217",3.1,71,-0.971991988849307,NA,NA,NA,NA,NA,NA,4,1,1,0,NA,NA,NA
"538","M","Uts_17A_050",2017,"21.9.2017","9/21/2017","F218",17.8,114,4.07679516352717,NA,NA,NA,NA,NA,NA,3,3,3,0,NA,NA,NA
"539","M","Uts_17A_051",2017,"21.9.2017","9/21/2017","F219",3.2,70,-0.647545178439457,NA,NA,NA,NA,NA,NA,3,1,1,0,NA,NA,NA
"540","M","Uts_17A_052",2017,"21.9.2017","9/21/2017","F220",3.6,73,-0.920885609669005,NA,NA,NA,NA,NA,NA,3,1,1,0,NA,NA,NA
"541","M","Uts_17A_053",2017,"21.9.2017","9/21/2017","F221",3.9,73,-0.620885609669005,NA,NA,NA,NA,NA,NA,4,2,2,0,NA,NA,NA
"542","M","Uts_17A_054",2017,"21.9.2017","9/21/2017",NA,1.7,59,0.321369736068885,"ei nuolimerkki‰ (karkasi laitettaessa)","no mark because it escaped",NA,NA,NA,NA,3,1,1,0,NA,NA,NA
"543","M","Uts_17A_055",2017,"25.9.2017","9/25/2017","F222",2.1,62,0.0480293048393379,NA,NA,NA,NA,NA,NA,3,1,1,0,NA,NA,NA
"544","M","Uts_17A_057",2017,"25.9.2017","9/25/2017","F224",3.8,73,-0.720885609669005,NA,NA,NA,NA,NA,NA,3,2,2,0,NA,NA,NA
"545","M","Uts_17A_058",2017,"25.9.2017","9/25/2017","F225",2.5,64,-0.000864315980361852,NA,NA,NA,NA,NA,NA,3,1,1,0,NA,NA,NA
"546","M","Uts_17A_059",2017,"25.9.2017","9/25/2017","F226",2.4,62,0.348029304839338,NA,NA,NA,NA,NA,NA,3,1,1,0,NA,NA,NA
"547","M","Uts_17A_060",2017,"25.9.2017","9/25/2017","F227",2.3,64,-0.200864315980362,NA,NA,NA,NA,NA,NA,4,1,1,0,NA,NA,NA
"548","M","Uts_17A_061",2017,"25.9.2017","9/25/2017","F228",2.3,64,-0.200864315980362,NA,NA,NA,NA,NA,NA,NA,1,1,0,NA,"ei joki-ik‰‰","no river age"
"549","M","Uts_17A_062",2017,"25.9.2017","9/25/2017","F229",3,74,-1.74533242007886,NA,NA,NA,NA,NA,NA,3,1,1,0,NA,NA,NA
"550","M","Uts_17A_063",2017,"25.9.2017","9/25/2017","F230",1.9,60,0.296922925659036,NA,NA,NA,NA,NA,NA,4,1,1,0,NA,NA,NA
"551","M","Uts_17A_064",2017,"25.9.2017","9/25/2017","F231",4.8,83,-1.9653537137675,NA,NA,NA,NA,NA,NA,3,3,3,1,10,"PS (uudellen kutija)","repeat spawner"
"552","M","Uts_17A_065",2017,"25.9.2017","9/25/2017","F232",2.2,62,0.148029304839338,NA,NA,NA,NA,NA,NA,4,1,1,0,NA,NA,NA
"553","M","Uts_17A_067",2017,"25.9.2017","9/25/2017","F234",8.5,96,-1.18316224909554,NA,NA,NA,NA,NA,NA,3,2,2,0,NA,NA,NA
"554","M","Uts_17A_068",2017,"25.9.2017","9/25/2017","F235",4,83,-2.7653537137675,NA,NA,NA,NA,NA,NA,4,3,3,1,10,"PS (uudellen kutija)","repeat spawner"
"555","M","Uts_17A_069",2017,"25.9.2017","9/25/2017","F236",6.1,88,-1.78758776581675,NA,NA,NA,NA,NA,NA,3,3,3,1,10,"PS (uudellen kutija)","repeat spawner"
"556","M","Uts_17A_070",2017,"25.9.2017","9/25/2017","F237",2.5,66,-0.449757936800061,NA,NA,NA,NA,NA,NA,4,1,1,0,NA,NA,NA
"557","M","Uts_17A_071",2017,"25.9.2017","9/25/2017","F238",8.3,93,-0.709821817865993,NA,NA,NA,NA,NA,NA,4,3,3,0,NA,NA,NA
"558","M","Uts_17A_076",2017,"26.9.2017","9/26/2017","F243",3.9,75,-1.0697792304887,NA,NA,NA,NA,NA,NA,3,2,2,0,NA,"kuluneet suomut, ep‰varma meri-ik‰","worn out scales, sea age uncertain"
"559","M","Uts_17A_079",2017,"27.9.2017","9/27/2017","F246",12.4,109,-0.200970784423584,NA,NA,NA,NA,NA,NA,3,3,3,0,NA,NA,NA
"560","M","Uts_17A_080",2017,"27.9.2017","9/27/2017","F247",1.7,59,0.321369736068885,NA,NA,NA,NA,NA,NA,3,1,1,0,NA,NA,NA
"561","M","Uts_17A_081",2017,"27.9.2017","9/27/2017","F248",3,70,-0.847545178439457,NA,NA,NA,NA,NA,NA,3,1,1,0,NA,NA,NA
"562","M","Uts_17A_082",2017,"27.9.2017","9/27/2017","F249",3.5,72,-0.796438799259157,NA,NA,NA,NA,NA,NA,NA,1,1,0,NA,"ei joki-ik‰‰","no river age"
"563","M","Uts_17A_083",2017,"28.9.2017","9/28/2017","F250",1.8,60,0.196922925659036,NA,NA,NA,NA,NA,NA,4,1,1,0,NA,NA,NA
"564","M","Uts_17A_084",2017,"28.9.2017","9/28/2017","ZO8396",3.5,73,-1.020885609669,NA,NA,NA,NA,NA,NA,4,1,1,0,NA,NA,NA
"565","M","Uts_17A_085",2017,"28.9.2017","9/28/2017","ZO8397",15.5,114,1.77679516352717,NA,NA,NA,NA,NA,NA,4,3,3,0,NA,NA,NA
"566","M","Uts_17A_086",2017,"1.10.2017","10/1/2017","ZO8398",3.2,73,-1.320885609669,NA,NA,NA,NA,NA,NA,4,1,1,0,NA,NA,NA
"567","M","Uts_17A_087",2017,"1.10.2017","10/1/2017","ZO8241",6.3,90,-2.03648138663645,"edellisten vuosien merkki - uudelleenkutija!","marked from previous, Uts_15A_041","tag lost, recpature",NA,2,"Uts_15A_052",3,3,3,1,10,"PS (uudellen kutija)","disagreement in smolt age between 1 and 2nd recapture, used 1st sample as it is likely less degraded, also says 2S1 but captured 2 years so its 1S1"
"568","M","Uts_17A_088",2017,"1.10.2017","10/1/2017","ZO8256",7.2,94,-2.03426862827584,"edellisten vuosien merkki - uudelleenkutija!","marked from previous, Uts15A_056","tag lost, recpature",NA,2,"Uts_15A_056",3,3,3,1,10,"PS (uudellen kutija)","2S1 but captured 2 years so its 1S1"
"569","M","Uts_17A_089",2017,"1.10.2017","10/1/2017","ZO8399",2.3,65,-0.425311126390212,NA,NA,NA,NA,NA,NA,3,1,1,0,NA,NA,NA
"570","M","Uts_17A_091",2017,"2.10.2017","10/2/2017","130.0",2.3,66,-0.649757936800062,NA,NA,NA,NA,NA,NA,3,1,1,0,NA,NA,NA
"571","M","Uts_17A_092",2017,"2.10.2017","10/2/2017","129.0",1.6,56,0.894710167298433,NA,NA,NA,NA,NA,NA,4,1,1,0,NA,NA,NA
"572","M","Uts_17A_093",2017,"2.10.2017","10/2/2017","128.0",14.4,110,1.57458240516657,NA,NA,NA,NA,NA,NA,NA,3,3,0,NA,"ei joki-ik‰‰","no river age"
"573","M","Uts_17A_094",2017,"2.10.2017","10/2/2017","127.0",2.8,68,-0.59865155761976,NA,NA,NA,NA,NA,NA,4,1,1,0,NA,NA,NA
"574","M","Uts_17A_095",2017,"2.10.2017","10/2/2017","126.0",1.9,60,0.296922925659036,NA,NA,NA,NA,NA,NA,4,1,1,0,NA,NA,NA
"575","M","Uts_17A_097",2017,"4.10.2017","10/4/2017","YL9883",17.6,117,3.20345473229762,"kulkutettu! (kyl‰talon niska)","drift net at location",NA,NA,NA,NA,3,3,3,0,NA,"kuluneet suomut, ep‰varma meri-ik‰","worn out scales, sea age uncertain"
"576","M","Uts_18A_001",2018,"13.9.2018","9/13/2018","ZO8379",10.4,101,-0.405396301144789,"merkki vuodelta 2016!","marked from previous, Uts_16A_100",NA,NA,2,"Uts_16A_100",3,3,3,1,10,"1S2: Kala merkitty Utsjoessa vuonna 28.-29.9.2016. Pituus merkint‰hetkell‰ 60 cm, paino 2,0 kg.","based on recapture, fw age should be 3, 1S2 is wrong"
"577","M","Uts_18A_002",2018,"13.9.2018","9/13/2018","F868",2.4,64,-0.100864315980362,NA,NA,NA,NA,NA,NA,3,1,1,0,NA,NA,NA
"578","M","Uts_18A_003",2018,"13.9.2018","9/13/2018","F869",2,61,0.172476115249186,NA,NA,NA,NA,NA,NA,4,1,1,0,NA,NA,NA
"579","M","Uts_18A_004",2018,"14.9.2018","9/14/2018","F870",2.1,62,0.0480293048393379,"ei rasvaev‰‰","no adipose fin",NA,NA,NA,NA,3,1,1,0,NA,NA,NA
"580","M","Uts_18A_005",2018,"15.9.2018","9/15/2018","F871",2,61,0.172476115249186,NA,NA,NA,NA,NA,NA,3,1,1,0,NA,NA,NA
"581","M","Uts_18A_006",2018,"15.9.2018","9/15/2018","F872",2.2,64,-0.300864315980362,NA,NA,NA,NA,NA,NA,3,1,1,0,NA,NA,NA
"582","M","Uts_18A_007",2018,"15.9.2018","9/15/2018","F873",2.6,67,-0.574204747209909,NA,NA,NA,NA,NA,NA,4,1,1,0,NA,NA,NA
"583","M","Uts_18A_008",2018,"16.9.2018","9/16/2018","F874",2.4,62,0.348029304839338,NA,NA,NA,NA,NA,NA,4,1,1,0,NA,NA,NA
"584","M","Uts_18A_009",2018,"16.9.2018","9/16/2018","F875",15.6,115,1.65234835311732,NA,NA,NA,NA,NA,NA,3,3,3,0,NA,NA,NA
"585","M","Uts_18A_010",2018,"16.9.2018","9/16/2018","F876",2.5,65,-0.225311126390212,NA,NA,NA,NA,NA,NA,3,1,1,0,NA,NA,NA
"586","M","Uts_18A_011",2018,"16.9.2018","9/16/2018","F877",2.1,62,0.0480293048393379,NA,NA,NA,NA,NA,NA,3,1,1,0,NA,NA,NA
"587","M","Uts_18A_012",2018,"16.9.2018","9/16/2018","F878",2.3,62,0.248029304839338,NA,NA,NA,NA,NA,NA,3,1,1,0,NA,NA,NA
"588","M","Uts_18A_013",2018,"16.9.2018","9/16/2018","F879",2.6,64,0.0991356840196382,NA,NA,NA,NA,NA,NA,3,1,1,0,NA,NA,NA
"589","M","Uts_18A_014",2018,"16.9.2018","9/16/2018","F880",2.3,65,-0.425311126390212,NA,NA,NA,NA,NA,NA,4,1,1,0,NA,NA,NA
"590","M","Uts_18A_015",2018,"16.9.2018","9/16/2018","F881",2.5,66,-0.449757936800061,NA,NA,NA,NA,NA,NA,4,1,1,0,NA,NA,NA
"591","M","Uts_18A_016",2018,"16.9.2018","9/16/2018","F882",1.9,59,0.521369736068885,NA,NA,NA,NA,NA,NA,3,1,1,0,NA,NA,NA
"592","M","Uts_18A_017",2018,"17.9.2018","9/17/2018","F883",2.1,62,0.0480293048393379,NA,NA,NA,NA,NA,NA,3,1,1,0,NA,NA,NA
"593","M","Uts_18A_018",2018,"17.9.2018","9/17/2018","F884",2.4,63,0.123582494429488,NA,NA,NA,NA,NA,NA,3,1,1,0,NA,NA,NA
"594","M","Uts_18A_019",2018,"17.9.2018","9/17/2018","F885",1.9,61,0.0724761152491857,NA,NA,NA,NA,NA,NA,4,1,1,0,NA,NA,NA
"595","M","Uts_18A_020",2018,"17.9.2018","9/17/2018","F887",4.1,76,-1.09422604089855,NA,NA,NA,NA,NA,NA,NA,NA,2,0,NA,"kassikala","bag fish"
"596","M","Uts_18A_022",2018,"17.9.2018","9/17/2018","F888",2.2,64,-0.300864315980362,NA,NA,NA,NA,NA,NA,3,1,1,0,NA,NA,NA
"597","M","Uts_18A_023",2018,"17.9.2018","9/17/2018","F889",2.7,66,-0.249757936800061,NA,NA,NA,NA,NA,NA,3,1,1,0,NA,NA,NA
"598","M","Uts_18A_024",2018,"17.9.2018","9/17/2018","F890",2.3,62,0.248029304839338,NA,NA,NA,NA,NA,NA,3,1,1,0,NA,NA,NA
"599","M","Uts_18A_025",2018,"17.9.2018","9/17/2018","F891",1.8,60,0.196922925659036,NA,NA,NA,NA,NA,NA,3,1,1,0,NA,NA,NA
"600","M","Uts_18A_026",2018,"17.9.2018","9/17/2018","F892",2.2,61,0.372476115249186,NA,NA,NA,NA,NA,NA,3,1,1,0,NA,NA,NA
"601","M","Uts_18A_027",2018,"17.9.2018","9/17/2018","F893",1.9,60,0.296922925659036,NA,NA,NA,NA,NA,NA,3,1,1,0,NA,NA,NA
"602","M","Uts_18A_028",2018,"17.9.2018","9/17/2018","F894",2.4,63,0.123582494429488,NA,NA,NA,NA,NA,NA,3,1,1,0,NA,NA,NA
"603","M","Uts_18A_029",2018,"18.9.2018","9/18/2018","F895",7.2,90,-1.13648138663645,NA,NA,NA,NA,NA,NA,NA,NA,2,0,NA,"ei suomuja","no scale"
"604","M","Uts_18A_030",2018,"18.9.2018","9/18/2018","F896",1.8,58,0.645816546478734,NA,NA,NA,NA,NA,NA,4,1,1,0,NA,NA,NA
"605","M","Uts_18A_031",2018,"18.9.2018","9/18/2018","F897",2.2,63,-0.0764175055705119,NA,NA,NA,NA,NA,NA,3,1,1,0,NA,NA,NA
"606","M","Uts_18A_032",2018,"18.9.2018","9/18/2018","F898",2,62,-0.0519706951606622,NA,NA,NA,NA,NA,NA,3,1,1,0,NA,NA,NA
"607","M","Uts_18A_033",2018,"18.9.2018","9/18/2018","F899",2.5,65,-0.225311126390212,NA,NA,NA,NA,NA,NA,3,1,1,0,NA,NA,NA
"608","M","Uts_18A_034",2018,"18.9.2018","9/18/2018","F900",2.5,65,-0.225311126390212,NA,NA,NA,NA,NA,NA,4,1,1,0,NA,"kuluneet suomut, onko 4.1S1+????","worn out scales, 4SW1?"
"609","M","Uts_18A_035",2018,"18.9.2018","9/18/2018","F901",1.5,56,0.794710167298433,NA,NA,NA,NA,NA,NA,NA,1,1,0,NA,"reg.","no river age"
"610","M","Uts_18A_036",2018,"19.9.2018","9/19/2018","F902",1.6,56,0.894710167298433,NA,NA,NA,NA,NA,NA,3,1,1,0,NA,NA,NA
"611","M","Uts_18A_037",2018,"20.9.2018","9/20/2018","F903",2.9,66,-0.0497579368000616,NA,NA,NA,NA,NA,NA,NA,1,1,0,NA,"reg.","no river age"
"612","M","Uts_18A_039",2018,"20.9.2018","9/20/2018","F905",2,59,0.621369736068885,NA,NA,NA,NA,NA,NA,4,1,1,0,NA,NA,NA
"613","M","Uts_18A_040",2018,"20.9.2018","9/20/2018","F906",2,60,0.396922925659036,NA,NA,NA,NA,NA,NA,3,1,1,0,NA,NA,NA
"614","M","Uts_18A_041",2018,"20.9.2018","9/20/2018","F907",2.6,67,-0.574204747209909,NA,NA,NA,NA,NA,NA,4,1,1,0,NA,NA,NA
"615","M","Uts_18A_043",2018,"20.9.2018","9/20/2018","F909",1.3,57,0.370263356888583,NA,NA,NA,NA,NA,NA,3,1,1,0,NA,NA,NA
"616","M","Uts_18A_044",2018,"20.9.2018","9/20/2018","F910",2.6,64,0.0991356840196382,NA,NA,NA,NA,NA,NA,3,1,1,0,NA,NA,NA
"617","M","Uts_18A_046",2018,"21.9.2018","9/21/2018","F912",3.6,72,-0.696438799259157,NA,NA,NA,NA,NA,NA,3,1,1,0,NA,NA,NA
"618","M","Uts_18A_047",2018,"21.9.2018","9/21/2018","F913",3.3,70,-0.547545178439457,NA,NA,NA,NA,NA,NA,4,1,1,0,NA,NA,NA
"619","M","Uts_18A_048",2018,"21.9.2018","9/21/2018","F914",2.5,64,-0.000864315980361852,NA,NA,NA,NA,NA,NA,4,1,1,0,NA,NA,NA
"620","M","Uts_18A_049",2018,"21.9.2018","9/21/2018","F915",2.6,66,-0.349757936800061,NA,NA,NA,NA,NA,NA,3,1,1,0,NA,NA,NA
"621","M","Uts_18A_050",2018,"22.9.2018","9/22/2018","F916",2.5,60,0.896922925659036,NA,NA,NA,NA,NA,NA,3,1,1,0,NA,NA,NA
"622","M","Uts_18A_051",2018,"22.9.2018","9/22/2018","F917",2.3,62,0.248029304839338,NA,NA,NA,NA,NA,NA,NA,1,1,0,NA,"reg.","no river age"
"623","M","Uts_18A_052",2018,"22.9.2018","9/22/2018","F918",4,75,-0.969779230488705,NA,NA,NA,NA,NA,NA,4,2,2,0,NA,NA,NA
"624","M","Uts_18A_053",2018,"22.9.2018","9/22/2018","F919",2.6,66,-0.349757936800061,NA,NA,NA,NA,NA,NA,3,1,1,0,NA,NA,NA
"625","M","Uts_18A_054",2018,"22.9.2018","9/22/2018","F920",2.7,64,0.199135684019638,NA,NA,NA,NA,NA,NA,NA,1,1,0,NA,"reg.","no river age"
"626","M","Uts_18A_055",2018,"22.9.2018","9/22/2018","F921",2.5,63,0.223582494429488,NA,NA,NA,NA,NA,NA,4,1,1,0,NA,NA,NA
"627","M","Uts_18A_056",2018,"24.9.2018","9/24/2018","F922",1.6,54,1.34360378811813,NA,NA,NA,NA,NA,NA,3,1,1,0,NA,NA,NA
"628","M","Uts_18A_057",2018,"24.9.2018","9/24/2018","F923",2.5,64,-0.000864315980361852,NA,NA,NA,NA,NA,NA,4,1,1,0,NA,NA,NA
"629","M","Uts_18A_058",2018,"24.9.2018","9/24/2018","F924",1.7,57,0.770263356888583,NA,NA,NA,NA,NA,NA,4,1,1,0,NA,NA,NA
"630","M","Uts_18A_059",2018,"25.9.2018","9/25/2018","F925",14.6,113,1.10124197393702,NA,NA,NA,NA,NA,NA,4,4,4,0,NA,NA,NA
"631","M","Uts_18A_061",2018,"25.9.2018","9/25/2018","F927",2,60,0.396922925659036,NA,NA,NA,NA,NA,NA,3,1,1,0,NA,NA,NA
"632","M","Uts_18A_062",2018,"25.9.2018","9/25/2018","F928",1.8,57,0.870263356888583,NA,NA,NA,NA,NA,NA,3,1,1,0,NA,NA,NA
"633","M","Uts_18A_063",2018,"25.9.2018","9/25/2018","F929",2.1,62,0.0480293048393379,NA,NA,NA,NA,NA,NA,4,1,1,0,NA,NA,NA
"634","M","Uts_18A_064",2018,"25.9.2018","9/25/2018","F930",2,63,-0.276417505570512,NA,NA,NA,NA,NA,NA,3,1,1,0,NA,NA,NA
"635","M","Uts_18A_065",2018,"25.9.2018","9/25/2018","F931",1.7,54,1.44360378811813,NA,NA,NA,NA,NA,NA,4,1,1,0,NA,NA,NA
"636","M","Uts_18A_066",2018,"25.9.2018","9/25/2018","F932",2.3,65,-0.425311126390212,NA,NA,NA,NA,NA,NA,4,1,1,0,NA,NA,NA
"637","M","Uts_18A_067",2018,"26.9.2018","9/26/2018","F933",2,61,0.172476115249186,NA,NA,NA,NA,NA,NA,4,1,1,0,NA,NA,NA
"638","M","Uts_18A_068",2018,"26.9.2018","9/26/2018","F934",2.3,64,-0.200864315980362,NA,NA,NA,NA,NA,NA,4,1,1,0,NA,NA,NA
"639","M","Uts_18A_069",2018,"26.9.2018","9/26/2018","F935",2,60,0.396922925659036,NA,NA,NA,NA,NA,NA,3,1,1,0,NA,NA,NA
"640","M","Uts_18A_070",2018,"26.9.2018","9/26/2018","F936",1.7,57,0.770263356888583,NA,NA,NA,NA,NA,NA,3,1,1,0,NA,NA,NA
"641","M","Uts_18A_072",2018,"27.9.2018","9/27/2018","F938",1.8,59,0.421369736068886,NA,NA,NA,NA,NA,NA,4,1,1,0,NA,NA,NA
"642","M","Uts_18A_073",2018,"27.9.2018","9/27/2018","F939",2,60,0.396922925659036,NA,NA,NA,NA,NA,NA,4,1,1,0,NA,NA,NA
"643","M","Uts_18A_074",2018,"27.9.2018","9/27/2018","F940",2.3,66,-0.649757936800062,NA,NA,NA,NA,NA,NA,3,1,1,0,NA,NA,NA
"644","M","Uts_18A_075",2018,"27.9.2018","9/27/2018","F941",1.8,58,0.645816546478734,NA,NA,NA,NA,NA,NA,4,1,1,0,NA,NA,NA
"645","M","Uts_18A_076",2018,"27.9.2018","9/27/2018","F942",2.4,64,-0.100864315980362,NA,NA,NA,NA,NA,NA,4,1,1,0,NA,NA,NA
"646","M","Uts_18A_077",2018,"28.9.2018","9/28/2018","F943",2.1,62,0.0480293048393379,NA,NA,NA,NA,NA,NA,4,1,1,0,NA,NA,NA
"647","M","Uts_18A_078",2018,"28.9.2018","9/28/2018","F944",1.7,60,0.0969229256590356,NA,NA,NA,NA,NA,NA,5,1,1,0,NA,NA,NA
"648","M","Uts_18A_079",2018,"28.9.2018","9/28/2018","F945",1.5,58,0.345816546478733,NA,NA,NA,NA,NA,NA,3,1,1,0,NA,NA,NA
"649","M","Uts_18A_081",2018,"29.9.2018","9/29/2018","F947",1.8,63,-0.476417505570512,NA,NA,NA,NA,NA,NA,5,1,1,0,NA,NA,NA
"650","M","Uts_18A_082",2018,"29.9.2018","9/29/2018","F948",1.8,64,-0.700864315980362,NA,NA,NA,NA,NA,NA,3,1,1,0,NA,NA,NA
"651","M","Uts_18A_083",2018,"29.9.2018","9/29/2018","F949",1.6,60,-0.00307707434096427,NA,NA,NA,NA,NA,NA,3,1,1,0,NA,NA,NA
"652","M","Uts_18A_084",2018,"29.9.2018","9/29/2018","F950",1.7,60,0.0969229256590356,NA,NA,NA,NA,NA,NA,3,1,1,0,NA,NA,NA
"653","M","Uts_18A_085",2018,"29.9.2018","9/29/2018","F951",1.6,60,-0.00307707434096427,NA,NA,NA,NA,NA,NA,4,1,1,0,NA,NA,NA
"654","M","Uts_18A_086",2018,"29.9.2018","9/29/2018","F952",1.4,61,-0.427523884750814,NA,NA,NA,NA,NA,NA,4,1,1,0,NA,NA,NA
"655","M","Uts_18A_087",2018,"29.9.2018","9/29/2018","F953",1.1,55,0.619156977708283,NA,NA,NA,NA,NA,NA,3,1,1,0,NA,NA,NA
"656","M","Uts_18A_089",2018,"30.9.2018","9/30/2018","F955",1.8,65,-0.925311126390212,NA,NA,NA,NA,NA,NA,4,1,1,0,NA,NA,NA
"657","M","Uts_18A_090",2018,"30.9.2018","9/30/2018","F956",1.4,58,0.245816546478733,NA,NA,NA,NA,NA,NA,4,1,1,0,NA,NA,NA
"658","M","Uts_18A_091",2018,"30.9.2018","9/30/2018","F957",2,64,-0.500864315980362,NA,NA,NA,NA,NA,NA,5,1,1,0,NA,NA,NA
"659","M","Uts_18A_092",2018,"30.9.2018","9/30/2018","F958",1.9,60,0.296922925659036,NA,NA,NA,NA,NA,NA,4,1,1,0,NA,NA,NA
"660","M","Uts_18A_093",2018,"30.9.2018","9/30/2018","F959",2.1,62,0.0480293048393379,NA,NA,NA,NA,NA,NA,NA,1,1,0,NA,"reg.",NA
"661","M","Uts_18A_094",2018,"30.9.2018","9/30/2018","F960",2.3,64,-0.200864315980362,NA,NA,NA,NA,NA,NA,4,1,1,0,NA,NA,NA
"662","M","Uts_18A_095",2018,"1.10.2018","10/1/2018","F961",2.8,65,0.0746888736097882,NA,NA,NA,NA,NA,NA,4,1,1,0,NA,NA,NA
"663","M","Uts_18A_097",2018,"1.10.2018","10/1/2018","F963",2.2,65,-0.525311126390211,NA,NA,NA,NA,NA,NA,5,1,1,0,NA,NA,NA
"664","M","Uts_18A_098",2018,"1.10.2018","10/1/2018","F964",1.9,62,-0.151970695160662,NA,NA,NA,NA,NA,NA,4,1,1,0,NA,NA,NA
"665","M","Uts_18A_099",2018,"1.10.2018","10/1/2018","F965",1.3,56,0.594710167298433,NA,NA,NA,NA,NA,NA,5,1,1,0,NA,NA,NA
"666","M","Uts_18A_101",2018,"2.10.2018","10/2/2018","F968",1.7,55,1.21915697770828,NA,NA,NA,NA,NA,NA,4,1,1,0,NA,NA,NA
"667","M","Uts_18A_102",2018,"2.10.2018","10/2/2018","F969",2,57,1.07026335688858,NA,NA,NA,NA,NA,NA,4,1,1,0,NA,NA,NA
"668","M","Uts_18A_103",2018,"2.10.2018","10/2/2018","F970",2.2,62,0.148029304839338,NA,NA,NA,NA,NA,NA,4,1,1,0,NA,NA,NA
"669","M","Uts_18A_104",2018,"2.10.2018","10/2/2018","F971",2.1,60,0.496922925659036,NA,NA,NA,NA,NA,NA,3,1,1,0,NA,NA,NA
"670","M","Uts_18A_105",2018,"2.10.2018","10/2/2018","F972",2,60,0.396922925659036,"F972 ja F973 mahdollisesti sekoittuneet kesken‰‰n","possibly switched",NA,NA,NA,NA,4,1,1,0,NA,NA,NA
"671","M","Uts_18A_106",2018,"2.10.2018","10/2/2018","F973",1.8,58,0.645816546478734,"F972 ja F973 mahdollisesti sekoittuneet kesken‰‰n","possibly switched",NA,NA,NA,NA,5,1,1,0,NA,NA,NA
"672","M","Uts_18A_107",2018,"2.10.2018","10/2/2018","F974",2,59,0.621369736068885,NA,NA,NA,NA,NA,NA,4,1,1,0,NA,NA,NA
"673","M","Uts_18A_108",2018,"2.10.2018","10/2/2018","F975",2.2,61,0.372476115249186,NA,NA,NA,NA,NA,NA,4,1,1,0,NA,NA,NA
"674","M","Uts_18A_109",2018,"2.10.2018","10/2/2018","F976",1.8,59,0.421369736068886,NA,NA,NA,NA,NA,NA,NA,1,1,0,NA,"reg.",NA
"675","M","Uts_18A_110",2018,"2.10.2018","10/2/2018","F977",2.8,65,0.0746888736097882,NA,NA,NA,NA,NA,NA,4,1,1,0,NA,NA,NA
"676","M","Uts_18A_111",2018,"3.10.2018","10/3/2018","F978",2,58,0.845816546478733,NA,NA,NA,NA,NA,NA,3,1,1,0,NA,NA,NA
"677","M","Uts_18A_112",2018,"3.10.2018","10/3/2018","F979",2,60,0.396922925659036,NA,NA,NA,NA,NA,NA,4,1,1,0,NA,NA,NA
"678","M","Uts_18A_113",2018,"3.10.2018","10/3/2018","F980",2,60,0.396922925659036,NA,NA,NA,NA,NA,NA,3,1,1,0,NA,NA,NA
"679","M","Uts_18A_114",2018,"3.10.2018","10/3/2018","F981",2.3,61,0.472476115249186,NA,NA,NA,NA,NA,NA,4,1,1,0,NA,NA,NA
"680","M","Uts_18A_115",2018,"3.10.2018","10/3/2018","F982",1.9,57,0.970263356888583,NA,NA,NA,NA,NA,NA,3,1,1,0,NA,NA,NA
"681","M","Uts_18A_116",2018,"3.10.2018","10/3/2018","F983",2.2,60,0.596922925659036,NA,NA,NA,NA,NA,NA,3,1,1,0,NA,NA,NA
"682","M","Uts_18A_118",2018,"3.10.2018","10/3/2018","F985",1.7,57,0.770263356888583,NA,NA,NA,NA,NA,NA,4,1,1,0,NA,NA,NA
"683","M","Uts_18A_120",2018,"3.10.2018","10/3/2018","F987",2.2,60,0.596922925659036,NA,NA,NA,NA,NA,NA,4,1,1,0,NA,NA,NA
"684","M","Uts_18A_121",2018,"3.10.2018","10/3/2018","F988",2,61,0.172476115249186,NA,NA,NA,NA,NA,NA,NA,1,1,0,NA,"reg.",NA
"685","M","Uts_18A_122",2018,"3.10.2018","10/3/2018","F989",2,61,0.172476115249186,NA,NA,NA,NA,NA,NA,4,1,1,0,NA,NA,NA
